dataset,task_type,seed,split,model,primary_metric,metric_value,n_train,n_test
BBBP,classification,42,random,RandomForest,roc_auc,0.9136315789473684,1580,395
BBBP,classification,42,random,XGBoost,roc_auc,0.9035438596491229,1580,395
BBBP,classification,42,random,LogisticRegression,roc_auc,0.8638771929824561,1580,395
BBBP,classification,42,ordinary_scaffold,RandomForest,roc_auc,0.803762238457333,1565,410
BBBP,classification,42,ordinary_scaffold,XGBoost,roc_auc,0.802967049351424,1565,410
BBBP,classification,42,ordinary_scaffold,LogisticRegression,roc_auc,0.7311763828835545,1565,410
BBBP,classification,42,balanced_scaffold,RandomForest,roc_auc,0.8267970474613686,1577,398
BBBP,classification,42,balanced_scaffold,XGBoost,roc_auc,0.7754208057395143,1577,398
BBBP,classification,42,balanced_scaffold,LogisticRegression,roc_auc,0.8316259657836644,1577,398
BBBP,classification,123,random,RandomForest,roc_auc,0.9220526315789473,1580,395
BBBP,classification,123,random,XGBoost,roc_auc,0.9204912280701755,1580,395
BBBP,classification,123,random,LogisticRegression,roc_auc,0.882140350877193,1580,395
BBBP,classification,123,ordinary_scaffold,RandomForest,roc_auc,0.8110431887083147,1565,410
BBBP,classification,123,ordinary_scaffold,XGBoost,roc_auc,0.8106952934744794,1565,410
BBBP,classification,123,ordinary_scaffold,LogisticRegression,roc_auc,0.7311763828835545,1565,410
BBBP,classification,123,balanced_scaffold,RandomForest,roc_auc,0.8340676266208181,1584,391
BBBP,classification,123,balanced_scaffold,XGBoost,roc_auc,0.7789598108747045,1584,391
BBBP,classification,123,balanced_scaffold,LogisticRegression,roc_auc,0.7645963177878071,1584,391
BBBP,classification,2024,random,RandomForest,roc_auc,0.9250877192982458,1580,395
BBBP,classification,2024,random,XGBoost,roc_auc,0.8980877192982456,1580,395
BBBP,classification,2024,random,LogisticRegression,roc_auc,0.8678771929824561,1580,395
BBBP,classification,2024,ordinary_scaffold,RandomForest,roc_auc,0.8046319765419213,1565,410
BBBP,classification,2024,ordinary_scaffold,XGBoost,roc_auc,0.8116395805377467,1565,410
BBBP,classification,2024,ordinary_scaffold,LogisticRegression,roc_auc,0.7311763828835545,1565,410
BBBP,classification,2024,balanced_scaffold,RandomForest,roc_auc,0.820181856187291,1580,395
BBBP,classification,2024,balanced_scaffold,XGBoost,roc_auc,0.819903149386845,1580,395
BBBP,classification,2024,balanced_scaffold,LogisticRegression,roc_auc,0.8087548773690078,1580,395
BBBP,classification,2026,random,RandomForest,roc_auc,0.929842105263158,1580,395
BBBP,classification,2026,random,XGBoost,roc_auc,0.9272456140350878,1580,395
BBBP,classification,2026,random,LogisticRegression,roc_auc,0.8942456140350877,1580,395
BBBP,classification,2026,ordinary_scaffold,RandomForest,roc_auc,0.7996620446299887,1565,410
BBBP,classification,2026,ordinary_scaffold,XGBoost,roc_auc,0.8119626261120224,1565,410
BBBP,classification,2026,ordinary_scaffold,LogisticRegression,roc_auc,0.7311763828835545,1565,410
BBBP,classification,2026,balanced_scaffold,RandomForest,roc_auc,0.8506828316610926,1580,395
BBBP,classification,2026,balanced_scaffold,XGBoost,roc_auc,0.8037904124860646,1580,395
BBBP,classification,2026,balanced_scaffold,LogisticRegression,roc_auc,0.7831661092530657,1580,395
BBBP,classification,3407,random,RandomForest,roc_auc,0.9054561403508771,1580,395
BBBP,classification,3407,random,XGBoost,roc_auc,0.8915438596491229,1580,395
BBBP,classification,3407,random,LogisticRegression,roc_auc,0.8620000000000001,1580,395
BBBP,classification,3407,ordinary_scaffold,RandomForest,roc_auc,0.8087818696883853,1565,410
BBBP,classification,3407,ordinary_scaffold,XGBoost,roc_auc,0.803687689478654,1565,410
BBBP,classification,3407,ordinary_scaffold,LogisticRegression,roc_auc,0.7311763828835545,1565,410
BBBP,classification,3407,balanced_scaffold,RandomForest,roc_auc,0.8533081218632925,1580,395
BBBP,classification,3407,balanced_scaffold,XGBoost,roc_auc,0.8200678589100162,1580,395
BBBP,classification,3407,balanced_scaffold,LogisticRegression,roc_auc,0.8099066939987276,1580,395
BBBP,classification,7,random,RandomForest,roc_auc,0.9192105263157895,1580,395
BBBP,classification,7,random,XGBoost,roc_auc,0.919578947368421,1580,395
BBBP,classification,7,random,LogisticRegression,roc_auc,0.874,1580,395
BBBP,classification,7,ordinary_scaffold,RandomForest,roc_auc,0.8088564186670643,1565,410
BBBP,classification,7,ordinary_scaffold,XGBoost,roc_auc,0.8167586104070375,1565,410
BBBP,classification,7,ordinary_scaffold,LogisticRegression,roc_auc,0.7311763828835545,1565,410
BBBP,classification,7,balanced_scaffold,RandomForest,roc_auc,0.8720526315789474,1580,395
BBBP,classification,7,balanced_scaffold,XGBoost,roc_auc,0.8638947368421054,1580,395
BBBP,classification,7,balanced_scaffold,LogisticRegression,roc_auc,0.8580701754385965,1580,395
BBBP,classification,19,random,RandomForest,roc_auc,0.9124561403508772,1580,395
BBBP,classification,19,random,XGBoost,roc_auc,0.9092631578947369,1580,395
BBBP,classification,19,random,LogisticRegression,roc_auc,0.8612982456140351,1580,395
BBBP,classification,19,ordinary_scaffold,RandomForest,roc_auc,0.8035882908404155,1565,410
BBBP,classification,19,ordinary_scaffold,XGBoost,roc_auc,0.8050792704139954,1565,410
BBBP,classification,19,ordinary_scaffold,LogisticRegression,roc_auc,0.7311763828835545,1565,410
BBBP,classification,19,balanced_scaffold,RandomForest,roc_auc,0.8062663462218138,1580,395
BBBP,classification,19,balanced_scaffold,XGBoost,roc_auc,0.7850427652505831,1580,395
BBBP,classification,19,balanced_scaffold,LogisticRegression,roc_auc,0.7916872835230084,1580,395
BBBP,classification,71,random,RandomForest,roc_auc,0.9655789473684211,1580,395
BBBP,classification,71,random,XGBoost,roc_auc,0.9473859649122808,1580,395
BBBP,classification,71,random,LogisticRegression,roc_auc,0.8948947368421053,1580,395
BBBP,classification,71,ordinary_scaffold,RandomForest,roc_auc,0.7990656528005565,1565,410
BBBP,classification,71,ordinary_scaffold,XGBoost,roc_auc,0.8064211520302174,1565,410
BBBP,classification,71,ordinary_scaffold,LogisticRegression,roc_auc,0.7311763828835545,1565,410
BBBP,classification,71,balanced_scaffold,RandomForest,roc_auc,0.864229148503342,1586,389
BBBP,classification,71,balanced_scaffold,XGBoost,roc_auc,0.8496258355129322,1586,389
BBBP,classification,71,balanced_scaffold,LogisticRegression,roc_auc,0.8664814007555943,1586,389
BBBP,classification,101,random,RandomForest,roc_auc,0.9282105263157894,1580,395
BBBP,classification,101,random,XGBoost,roc_auc,0.9190701754385965,1580,395
BBBP,classification,101,random,LogisticRegression,roc_auc,0.9084736842105264,1580,395
BBBP,classification,101,ordinary_scaffold,RandomForest,roc_auc,0.7990159534814373,1565,410
BBBP,classification,101,ordinary_scaffold,XGBoost,roc_auc,0.819740569554197,1565,410
BBBP,classification,101,ordinary_scaffold,LogisticRegression,roc_auc,0.7311763828835545,1565,410
BBBP,classification,101,balanced_scaffold,RandomForest,roc_auc,0.8831205673758865,1581,394
BBBP,classification,101,balanced_scaffold,XGBoost,roc_auc,0.8843439716312057,1581,394
BBBP,classification,101,balanced_scaffold,LogisticRegression,roc_auc,0.8477304964539006,1581,394
BBBP,classification,211,random,RandomForest,roc_auc,0.9378245614035087,1580,395
BBBP,classification,211,random,XGBoost,roc_auc,0.9250526315789473,1580,395
BBBP,classification,211,random,LogisticRegression,roc_auc,0.8897894736842106,1580,395
BBBP,classification,211,ordinary_scaffold,RandomForest,roc_auc,0.8137021022811988,1565,410
BBBP,classification,211,ordinary_scaffold,XGBoost,roc_auc,0.8186968838526912,1565,410
BBBP,classification,211,ordinary_scaffold,LogisticRegression,roc_auc,0.7311763828835545,1565,410
BBBP,classification,211,balanced_scaffold,RandomForest,roc_auc,0.8323849579416129,1580,395
BBBP,classification,211,balanced_scaffold,XGBoost,roc_auc,0.8350887113875732,1580,395
BBBP,classification,211,balanced_scaffold,LogisticRegression,roc_auc,0.842899554675903,1580,395
BBBP,classification,307,random,RandomForest,roc_auc,0.9396140350877193,1580,395
BBBP,classification,307,random,XGBoost,roc_auc,0.922578947368421,1580,395
BBBP,classification,307,random,LogisticRegression,roc_auc,0.8759122807017544,1580,395
BBBP,classification,307,ordinary_scaffold,RandomForest,roc_auc,0.8049550221161971,1565,410
BBBP,classification,307,ordinary_scaffold,XGBoost,roc_auc,0.8104964961980021,1565,410
BBBP,classification,307,ordinary_scaffold,LogisticRegression,roc_auc,0.7311763828835545,1565,410
BBBP,classification,307,balanced_scaffold,RandomForest,roc_auc,0.8236780177187154,1578,397
BBBP,classification,307,balanced_scaffold,XGBoost,roc_auc,0.81281146179402,1578,397
BBBP,classification,307,balanced_scaffold,LogisticRegression,roc_auc,0.8037444629014396,1578,397
BBBP,classification,401,random,RandomForest,roc_auc,0.933719298245614,1580,395
BBBP,classification,401,random,XGBoost,roc_auc,0.9160175438596491,1580,395
BBBP,classification,401,random,LogisticRegression,roc_auc,0.8732456140350877,1580,395
BBBP,classification,401,ordinary_scaffold,RandomForest,roc_auc,0.8024203568411112,1565,410
BBBP,classification,401,ordinary_scaffold,XGBoost,roc_auc,0.8186471845335719,1565,410
BBBP,classification,401,ordinary_scaffold,LogisticRegression,roc_auc,0.7311763828835545,1565,410
BBBP,classification,401,balanced_scaffold,RandomForest,roc_auc,0.7952121105439184,1581,394
BBBP,classification,401,balanced_scaffold,XGBoost,roc_auc,0.7787537405386376,1581,394
BBBP,classification,401,balanced_scaffold,LogisticRegression,roc_auc,0.7423869037141348,1581,394
BBBP,classification,503,random,RandomForest,roc_auc,0.9004035087719299,1580,395
BBBP,classification,503,random,XGBoost,roc_auc,0.9068947368421053,1580,395
BBBP,classification,503,random,LogisticRegression,roc_auc,0.8882456140350878,1580,395
BBBP,classification,503,ordinary_scaffold,RandomForest,roc_auc,0.8163610158540829,1565,410
BBBP,classification,503,ordinary_scaffold,XGBoost,roc_auc,0.8111922866656727,1565,410
BBBP,classification,503,ordinary_scaffold,LogisticRegression,roc_auc,0.7311763828835545,1565,410
BBBP,classification,503,balanced_scaffold,RandomForest,roc_auc,0.8323832837908726,1579,396
BBBP,classification,503,balanced_scaffold,XGBoost,roc_auc,0.7901556216121699,1579,396
BBBP,classification,503,balanced_scaffold,LogisticRegression,roc_auc,0.823045987060675,1579,396
BBBP,classification,601,random,RandomForest,roc_auc,0.9110526315789474,1580,395
BBBP,classification,601,random,XGBoost,roc_auc,0.9130175438596491,1580,395
BBBP,classification,601,random,LogisticRegression,roc_auc,0.8511929824561403,1580,395
BBBP,classification,601,ordinary_scaffold,RandomForest,roc_auc,0.8137518016003179,1565,410
BBBP,classification,601,ordinary_scaffold,XGBoost,roc_auc,0.8148700362805029,1565,410
BBBP,classification,601,ordinary_scaffold,LogisticRegression,roc_auc,0.7311763828835545,1565,410
BBBP,classification,601,balanced_scaffold,RandomForest,roc_auc,0.8671105240611167,1583,392
BBBP,classification,601,balanced_scaffold,XGBoost,roc_auc,0.8647186919891475,1583,392
BBBP,classification,601,balanced_scaffold,LogisticRegression,roc_auc,0.8661645009281735,1583,392
BBBP,classification,701,random,RandomForest,roc_auc,0.893719298245614,1580,395
BBBP,classification,701,random,XGBoost,roc_auc,0.8814385964912281,1580,395
BBBP,classification,701,random,LogisticRegression,roc_auc,0.8530526315789474,1580,395
BBBP,classification,701,ordinary_scaffold,RandomForest,roc_auc,0.8122359723671786,1565,410
BBBP,classification,701,ordinary_scaffold,XGBoost,roc_auc,0.8183986879379753,1565,410
BBBP,classification,701,ordinary_scaffold,LogisticRegression,roc_auc,0.7311763828835545,1565,410
BBBP,classification,701,balanced_scaffold,RandomForest,roc_auc,0.8496774193548386,1582,393
BBBP,classification,701,balanced_scaffold,XGBoost,roc_auc,0.8458422939068101,1582,393
BBBP,classification,701,balanced_scaffold,LogisticRegression,roc_auc,0.8401075268817205,1582,393
BBBP,classification,809,random,RandomForest,roc_auc,0.8999473684210526,1580,395
BBBP,classification,809,random,XGBoost,roc_auc,0.8727368421052631,1580,395
BBBP,classification,809,random,LogisticRegression,roc_auc,0.8455263157894738,1580,395
BBBP,classification,809,ordinary_scaffold,RandomForest,roc_auc,0.8144972913871079,1565,410
BBBP,classification,809,ordinary_scaffold,XGBoost,roc_auc,0.8098752547090105,1565,410
BBBP,classification,809,ordinary_scaffold,LogisticRegression,roc_auc,0.7311763828835545,1565,410
BBBP,classification,809,balanced_scaffold,RandomForest,roc_auc,0.8446526701423136,1579,396
BBBP,classification,809,balanced_scaffold,XGBoost,roc_auc,0.8341728899535015,1579,396
BBBP,classification,809,balanced_scaffold,LogisticRegression,roc_auc,0.8361455544596308,1579,396
BBBP,classification,907,random,RandomForest,roc_auc,0.899298245614035,1580,395
BBBP,classification,907,random,XGBoost,roc_auc,0.9067368421052632,1580,395
BBBP,classification,907,random,LogisticRegression,roc_auc,0.8460350877192983,1580,395
BBBP,classification,907,ordinary_scaffold,RandomForest,roc_auc,0.8075145370508425,1565,410
BBBP,classification,907,ordinary_scaffold,XGBoost,roc_auc,0.8055265642860692,1565,410
BBBP,classification,907,ordinary_scaffold,LogisticRegression,roc_auc,0.7311763828835545,1565,410
BBBP,classification,907,balanced_scaffold,RandomForest,roc_auc,0.8722851242611979,1580,395
BBBP,classification,907,balanced_scaffold,XGBoost,roc_auc,0.8404543188777326,1580,395
BBBP,classification,907,balanced_scaffold,LogisticRegression,roc_auc,0.8558356476536353,1580,395
BBBP,classification,1009,random,RandomForest,roc_auc,0.8921754385964913,1580,395
BBBP,classification,1009,random,XGBoost,roc_auc,0.8912982456140351,1580,395
BBBP,classification,1009,random,LogisticRegression,roc_auc,0.8515438596491229,1580,395
BBBP,classification,1009,ordinary_scaffold,RandomForest,roc_auc,0.8109686397296356,1565,410
BBBP,classification,1009,ordinary_scaffold,XGBoost,roc_auc,0.8016500173947616,1565,410
BBBP,classification,1009,ordinary_scaffold,LogisticRegression,roc_auc,0.7311763828835545,1565,410
BBBP,classification,1009,balanced_scaffold,RandomForest,roc_auc,0.8161580342431406,1584,391
BBBP,classification,1009,balanced_scaffold,XGBoost,roc_auc,0.8265635074145714,1584,391
BBBP,classification,1009,balanced_scaffold,LogisticRegression,roc_auc,0.7746435991116841,1584,391
BBBP,classification,1201,random,RandomForest,roc_auc,0.9152105263157895,1580,395
BBBP,classification,1201,random,XGBoost,roc_auc,0.9113684210526316,1580,395
BBBP,classification,1201,random,LogisticRegression,roc_auc,0.8786315789473683,1580,395
BBBP,classification,1201,ordinary_scaffold,RandomForest,roc_auc,0.8074399880721634,1565,410
BBBP,classification,1201,ordinary_scaffold,XGBoost,roc_auc,0.8194920729586005,1565,410
BBBP,classification,1201,ordinary_scaffold,LogisticRegression,roc_auc,0.7311763828835545,1565,410
BBBP,classification,1201,balanced_scaffold,RandomForest,roc_auc,0.8392439862542954,1578,397
BBBP,classification,1201,balanced_scaffold,XGBoost,roc_auc,0.8244673539518901,1578,397
BBBP,classification,1201,balanced_scaffold,LogisticRegression,roc_auc,0.8020962199312714,1578,397
BBBP,classification,1429,random,RandomForest,roc_auc,0.9132631578947368,1580,395
BBBP,classification,1429,random,XGBoost,roc_auc,0.9175438596491227,1580,395
BBBP,classification,1429,random,LogisticRegression,roc_auc,0.8738245614035087,1580,395
BBBP,classification,1429,ordinary_scaffold,RandomForest,roc_auc,0.820784255255703,1565,410
BBBP,classification,1429,ordinary_scaffold,XGBoost,roc_auc,0.8146463893444659,1565,410
BBBP,classification,1429,ordinary_scaffold,LogisticRegression,roc_auc,0.7311763828835545,1565,410
BBBP,classification,1429,balanced_scaffold,RandomForest,roc_auc,0.8513914192833922,1581,394
BBBP,classification,1429,balanced_scaffold,XGBoost,roc_auc,0.8409066552352374,1581,394
BBBP,classification,1429,balanced_scaffold,LogisticRegression,roc_auc,0.7566891722930733,1581,394
BACE,classification,42,random,RandomForest,roc_auc,0.8818840579710144,1210,303
BACE,classification,42,random,XGBoost,roc_auc,0.8837285902503293,1210,303
BACE,classification,42,random,LogisticRegression,roc_auc,0.8525032938076417,1210,303
BACE,classification,42,ordinary_scaffold,RandomForest,roc_auc,0.8305338396247488,1207,306
BACE,classification,42,ordinary_scaffold,XGBoost,roc_auc,0.8317176680813045,1207,306
BACE,classification,42,ordinary_scaffold,LogisticRegression,roc_auc,0.7527585436676346,1207,306
BACE,classification,42,balanced_scaffold,RandomForest,roc_auc,0.8274819757288077,1213,300
BACE,classification,42,balanced_scaffold,XGBoost,roc_auc,0.8220187183735614,1213,300
BACE,classification,42,balanced_scaffold,LogisticRegression,roc_auc,0.787022524741391,1213,300
BACE,classification,123,random,RandomForest,roc_auc,0.9101449275362319,1210,303
BACE,classification,123,random,XGBoost,roc_auc,0.913768115942029,1210,303
BACE,classification,123,random,LogisticRegression,roc_auc,0.8651954325867368,1210,303
BACE,classification,123,ordinary_scaffold,RandomForest,roc_auc,0.8333035514853698,1207,306
BACE,classification,123,ordinary_scaffold,XGBoost,roc_auc,0.8326111235202145,1207,306
BACE,classification,123,ordinary_scaffold,LogisticRegression,roc_auc,0.7527585436676346,1207,306
BACE,classification,123,balanced_scaffold,RandomForest,roc_auc,0.8493283845881937,1211,302
BACE,classification,123,balanced_scaffold,XGBoost,roc_auc,0.8530620360551432,1211,302
BACE,classification,123,balanced_scaffold,LogisticRegression,roc_auc,0.8176254860374691,1211,302
BACE,classification,2024,random,RandomForest,roc_auc,0.8873737373737374,1210,303
BACE,classification,2024,random,XGBoost,roc_auc,0.9057312252964428,1210,303
BACE,classification,2024,random,LogisticRegression,roc_auc,0.817413263065437,1210,303
BACE,classification,2024,ordinary_scaffold,RandomForest,roc_auc,0.8358275631002904,1207,306
BACE,classification,2024,ordinary_scaffold,XGBoost,roc_auc,0.8294616930980567,1207,306
BACE,classification,2024,ordinary_scaffold,LogisticRegression,roc_auc,0.7527585436676346,1207,306
BACE,classification,2024,balanced_scaffold,RandomForest,roc_auc,0.8394016494121777,1210,303
BACE,classification,2024,balanced_scaffold,XGBoost,roc_auc,0.8050315844885068,1210,303
BACE,classification,2024,balanced_scaffold,LogisticRegression,roc_auc,0.7769126162484646,1210,303
BACE,classification,2026,random,RandomForest,roc_auc,0.9293588054457619,1210,303
BACE,classification,2026,random,XGBoost,roc_auc,0.9310935441370224,1210,303
BACE,classification,2026,random,LogisticRegression,roc_auc,0.8526570048309179,1210,303
BACE,classification,2026,ordinary_scaffold,RandomForest,roc_auc,0.8361402725039089,1207,306
BACE,classification,2026,ordinary_scaffold,XGBoost,roc_auc,0.8333035514853696,1207,306
BACE,classification,2026,ordinary_scaffold,LogisticRegression,roc_auc,0.7527585436676346,1207,306
BACE,classification,2026,balanced_scaffold,RandomForest,roc_auc,0.8115400116430075,1213,300
BACE,classification,2026,balanced_scaffold,XGBoost,roc_auc,0.8279297837087457,1213,300
BACE,classification,2026,balanced_scaffold,LogisticRegression,roc_auc,0.808629259773409,1213,300
BACE,classification,3407,random,RandomForest,roc_auc,0.8841018884497145,1210,303
BACE,classification,3407,random,XGBoost,roc_auc,0.8961352657004831,1210,303
BACE,classification,3407,random,LogisticRegression,roc_auc,0.8650417215634607,1210,303
BACE,classification,3407,ordinary_scaffold,RandomForest,roc_auc,0.8308242126423946,1207,306
BACE,classification,3407,ordinary_scaffold,XGBoost,roc_auc,0.8334822425731517,1207,306
BACE,classification,3407,ordinary_scaffold,LogisticRegression,roc_auc,0.7527585436676346,1207,306
BACE,classification,3407,balanced_scaffold,RandomForest,roc_auc,0.8208731000353482,1211,302
BACE,classification,3407,balanced_scaffold,XGBoost,roc_auc,0.8042152704135737,1211,302
BACE,classification,3407,balanced_scaffold,LogisticRegression,roc_auc,0.7749646518204312,1211,302
BACE,classification,7,random,RandomForest,roc_auc,0.8894817742643829,1210,303
BACE,classification,7,random,XGBoost,roc_auc,0.8908212560386474,1210,303
BACE,classification,7,random,LogisticRegression,roc_auc,0.8258234519104084,1210,303
BACE,classification,7,ordinary_scaffold,RandomForest,roc_auc,0.83176234085325,1207,306
BACE,classification,7,ordinary_scaffold,XGBoost,roc_auc,0.8282108554835829,1207,306
BACE,classification,7,ordinary_scaffold,LogisticRegression,roc_auc,0.7527585436676346,1207,306
BACE,classification,7,balanced_scaffold,RandomForest,roc_auc,0.8459156785243741,1210,303
BACE,classification,7,balanced_scaffold,XGBoost,roc_auc,0.8555335968379447,1210,303
BACE,classification,7,balanced_scaffold,LogisticRegression,roc_auc,0.7302371541501977,1210,303
BACE,classification,19,random,RandomForest,roc_auc,0.8865832235397452,1210,303
BACE,classification,19,random,XGBoost,roc_auc,0.8849363197189283,1210,303
BACE,classification,19,random,LogisticRegression,roc_auc,0.8437417654808959,1210,303
BACE,classification,19,ordinary_scaffold,RandomForest,roc_auc,0.838999329908421,1207,306
BACE,classification,19,ordinary_scaffold,XGBoost,roc_auc,0.8351351351351352,1207,306
BACE,classification,19,ordinary_scaffold,LogisticRegression,roc_auc,0.7527585436676346,1207,306
BACE,classification,19,balanced_scaffold,RandomForest,roc_auc,0.7818915599227934,1210,303
BACE,classification,19,balanced_scaffold,XGBoost,roc_auc,0.7620635199157747,1210,303
BACE,classification,19,balanced_scaffold,LogisticRegression,roc_auc,0.6948148798034743,1210,303
BACE,classification,71,random,RandomForest,roc_auc,0.87044356609574,1210,303
BACE,classification,71,random,XGBoost,roc_auc,0.8750329380764164,1210,303
BACE,classification,71,random,LogisticRegression,roc_auc,0.8037110232762406,1210,303
BACE,classification,71,ordinary_scaffold,RandomForest,roc_auc,0.8352244806790261,1207,306
BACE,classification,71,ordinary_scaffold,XGBoost,roc_auc,0.8301317846772392,1207,306
BACE,classification,71,ordinary_scaffold,LogisticRegression,roc_auc,0.7527585436676346,1207,306
BACE,classification,71,balanced_scaffold,RandomForest,roc_auc,0.8310550763105506,1211,302
BACE,classification,71,balanced_scaffold,XGBoost,roc_auc,0.812917496129175,1211,302
BACE,classification,71,balanced_scaffold,LogisticRegression,roc_auc,0.7715328467153285,1211,302
BACE,classification,101,random,RandomForest,roc_auc,0.9327184892402284,1210,303
BACE,classification,101,random,XGBoost,roc_auc,0.9265041721563461,1210,303
BACE,classification,101,random,LogisticRegression,roc_auc,0.870048309178744,1210,303
BACE,classification,101,ordinary_scaffold,RandomForest,roc_auc,0.8356935447844538,1207,306
BACE,classification,101,ordinary_scaffold,XGBoost,roc_auc,0.8299754299754301,1207,306
BACE,classification,101,ordinary_scaffold,LogisticRegression,roc_auc,0.7527585436676346,1207,306
BACE,classification,101,balanced_scaffold,RandomForest,roc_auc,0.7938954765041721,1210,303
BACE,classification,101,balanced_scaffold,XGBoost,roc_auc,0.7835090030742204,1210,303
BACE,classification,101,balanced_scaffold,LogisticRegression,roc_auc,0.7515590689503733,1210,303
BACE,classification,211,random,RandomForest,roc_auc,0.9122968818620991,1210,303
BACE,classification,211,random,XGBoost,roc_auc,0.8980456741326307,1210,303
BACE,classification,211,random,LogisticRegression,roc_auc,0.8502635046113307,1210,303
BACE,classification,211,ordinary_scaffold,RandomForest,roc_auc,0.8336832700469063,1207,306
BACE,classification,211,ordinary_scaffold,XGBoost,roc_auc,0.8357382175563995,1207,306
BACE,classification,211,ordinary_scaffold,LogisticRegression,roc_auc,0.7527585436676346,1207,306
BACE,classification,211,balanced_scaffold,RandomForest,roc_auc,0.7886253842775582,1210,303
BACE,classification,211,balanced_scaffold,XGBoost,roc_auc,0.7681818181818182,1210,303
BACE,classification,211,balanced_scaffold,LogisticRegression,roc_auc,0.7229907773386033,1210,303
BACE,classification,307,random,RandomForest,roc_auc,0.8848045674132631,1210,303
BACE,classification,307,random,XGBoost,roc_auc,0.8875494071146245,1210,303
BACE,classification,307,random,LogisticRegression,roc_auc,0.8478041282389108,1210,303
BACE,classification,307,ordinary_scaffold,RandomForest,roc_auc,0.831226267589904,1207,306
BACE,classification,307,ordinary_scaffold,XGBoost,roc_auc,0.8332588787134243,1207,306
BACE,classification,307,ordinary_scaffold,LogisticRegression,roc_auc,0.7527585436676346,1207,306
BACE,classification,307,balanced_scaffold,RandomForest,roc_auc,0.7918581598630261,1214,299
BACE,classification,307,balanced_scaffold,XGBoost,roc_auc,0.7651842840407317,1214,299
BACE,classification,307,balanced_scaffold,LogisticRegression,roc_auc,0.7438722177164999,1214,299
BACE,classification,401,random,RandomForest,roc_auc,0.9052261747913922,1210,303
BACE,classification,401,random,XGBoost,roc_auc,0.9099253403601231,1210,303
BACE,classification,401,random,LogisticRegression,roc_auc,0.8742643829600351,1210,303
BACE,classification,401,ordinary_scaffold,RandomForest,roc_auc,0.8296850569577843,1207,306
BACE,classification,401,ordinary_scaffold,XGBoost,roc_auc,0.8310699128880947,1207,306
BACE,classification,401,ordinary_scaffold,LogisticRegression,roc_auc,0.7527585436676346,1207,306
BACE,classification,401,balanced_scaffold,RandomForest,roc_auc,0.7980017566974089,1210,303
BACE,classification,401,balanced_scaffold,XGBoost,roc_auc,0.7869784804567413,1210,303
BACE,classification,401,balanced_scaffold,LogisticRegression,roc_auc,0.779929732103645,1210,303
BACE,classification,503,random,RandomForest,roc_auc,0.8836846728151077,1210,303
BACE,classification,503,random,XGBoost,roc_auc,0.8867369345630214,1210,303
BACE,classification,503,random,LogisticRegression,roc_auc,0.846157224418094,1210,303
BACE,classification,503,ordinary_scaffold,RandomForest,roc_auc,0.8358722358722359,1207,306
BACE,classification,503,ordinary_scaffold,XGBoost,roc_auc,0.8320750502568683,1207,306
BACE,classification,503,ordinary_scaffold,LogisticRegression,roc_auc,0.7527585436676346,1207,306
BACE,classification,503,balanced_scaffold,RandomForest,roc_auc,0.8223770996394336,1210,303
BACE,classification,503,balanced_scaffold,XGBoost,roc_auc,0.8123076246592209,1210,303
BACE,classification,503,balanced_scaffold,LogisticRegression,roc_auc,0.7780977926303756,1210,303
BACE,classification,601,random,RandomForest,roc_auc,0.8842995169082126,1210,303
BACE,classification,601,random,XGBoost,roc_auc,0.8837725076855512,1210,303
BACE,classification,601,random,LogisticRegression,roc_auc,0.842490118577075,1210,303
BACE,classification,601,ordinary_scaffold,RandomForest,roc_auc,0.8410096046459683,1207,306
BACE,classification,601,ordinary_scaffold,XGBoost,roc_auc,0.8324994415903507,1207,306
BACE,classification,601,ordinary_scaffold,LogisticRegression,roc_auc,0.7527585436676346,1207,306
BACE,classification,601,balanced_scaffold,RandomForest,roc_auc,0.8244865297412644,1212,301
BACE,classification,601,balanced_scaffold,XGBoost,roc_auc,0.8261758691206544,1212,301
BACE,classification,601,balanced_scaffold,LogisticRegression,roc_auc,0.786120743309327,1212,301
BACE,classification,701,random,RandomForest,roc_auc,0.890074659639877,1210,303
BACE,classification,701,random,XGBoost,roc_auc,0.8827184892402283,1210,303
BACE,classification,701,random,LogisticRegression,roc_auc,0.8392402283706631,1210,303
BACE,classification,701,ordinary_scaffold,RandomForest,roc_auc,0.8359169086441812,1207,306
BACE,classification,701,ordinary_scaffold,XGBoost,roc_auc,0.8342863524681706,1207,306
BACE,classification,701,ordinary_scaffold,LogisticRegression,roc_auc,0.7527585436676346,1207,306
BACE,classification,701,balanced_scaffold,RandomForest,roc_auc,0.826004748922698,1210,303
BACE,classification,701,balanced_scaffold,XGBoost,roc_auc,0.8313472869580512,1210,303
BACE,classification,701,balanced_scaffold,LogisticRegression,roc_auc,0.7531219769589307,1210,303
BACE,classification,809,random,RandomForest,roc_auc,0.901822573561704,1210,303
BACE,classification,809,random,XGBoost,roc_auc,0.9196530522617479,1210,303
BACE,classification,809,random,LogisticRegression,roc_auc,0.86133069828722,1210,303
BACE,classification,809,ordinary_scaffold,RandomForest,roc_auc,0.8340406522224703,1207,306
BACE,classification,809,ordinary_scaffold,XGBoost,roc_auc,0.8344427071699798,1207,306
BACE,classification,809,ordinary_scaffold,LogisticRegression,roc_auc,0.7527585436676346,1207,306
BACE,classification,809,balanced_scaffold,RandomForest,roc_auc,0.8376357486202599,1212,301
BACE,classification,809,balanced_scaffold,XGBoost,roc_auc,0.8191872885882143,1212,301
BACE,classification,809,balanced_scaffold,LogisticRegression,roc_auc,0.7733888196546199,1212,301
BACE,classification,907,random,RandomForest,roc_auc,0.9048748353096179,1210,303
BACE,classification,907,random,XGBoost,roc_auc,0.8981993851559069,1210,303
BACE,classification,907,random,LogisticRegression,roc_auc,0.8555116381203337,1210,303
BACE,classification,907,ordinary_scaffold,RandomForest,roc_auc,0.8336162608889881,1207,306
BACE,classification,907,ordinary_scaffold,XGBoost,roc_auc,0.8379048469957561,1207,306
BACE,classification,907,ordinary_scaffold,LogisticRegression,roc_auc,0.7527585436676346,1207,306
BACE,classification,907,balanced_scaffold,RandomForest,roc_auc,0.8552585451358458,1210,303
BACE,classification,907,balanced_scaffold,XGBoost,roc_auc,0.8425503943908852,1210,303
BACE,classification,907,balanced_scaffold,LogisticRegression,roc_auc,0.8017090271691499,1210,303
BACE,classification,1009,random,RandomForest,roc_auc,0.8937417654808959,1210,303
BACE,classification,1009,random,XGBoost,roc_auc,0.9085419411506367,1210,303
BACE,classification,1009,random,LogisticRegression,roc_auc,0.8537988581466842,1210,303
BACE,classification,1009,ordinary_scaffold,RandomForest,roc_auc,0.8318963591690864,1207,306
BACE,classification,1009,ordinary_scaffold,XGBoost,roc_auc,0.8278311369220461,1207,306
BACE,classification,1009,ordinary_scaffold,LogisticRegression,roc_auc,0.7527585436676346,1207,306
BACE,classification,1009,balanced_scaffold,RandomForest,roc_auc,0.8426011944260119,1211,302
BACE,classification,1009,balanced_scaffold,XGBoost,roc_auc,0.8340190223401903,1211,302
BACE,classification,1009,balanced_scaffold,LogisticRegression,roc_auc,0.7430878124308782,1211,302
BACE,classification,1201,random,RandomForest,roc_auc,0.9016469038208169,1210,303
BACE,classification,1201,random,XGBoost,roc_auc,0.9017347386912604,1210,303
BACE,classification,1201,random,LogisticRegression,roc_auc,0.8544356609574001,1210,303
BACE,classification,1201,ordinary_scaffold,RandomForest,roc_auc,0.8293723475541658,1207,306
BACE,classification,1201,ordinary_scaffold,XGBoost,roc_auc,0.8308018762564218,1207,306
BACE,classification,1201,ordinary_scaffold,LogisticRegression,roc_auc,0.7527585436676346,1207,306
BACE,classification,1201,balanced_scaffold,RandomForest,roc_auc,0.8251590668080594,1211,302
BACE,classification,1201,balanced_scaffold,XGBoost,roc_auc,0.8221986567691764,1211,302
BACE,classification,1201,balanced_scaffold,LogisticRegression,roc_auc,0.8035303994344292,1211,302
BACE,classification,1429,random,RandomForest,roc_auc,0.8806543697848045,1210,303
BACE,classification,1429,random,XGBoost,roc_auc,0.8838603425559948,1210,303
BACE,classification,1429,random,LogisticRegression,roc_auc,0.8377470355731225,1210,303
BACE,classification,1429,ordinary_scaffold,RandomForest,roc_auc,0.8283002010274738,1207,306
BACE,classification,1429,ordinary_scaffold,XGBoost,roc_auc,0.836587000223364,1207,306
BACE,classification,1429,ordinary_scaffold,LogisticRegression,roc_auc,0.7527585436676346,1207,306
BACE,classification,1429,balanced_scaffold,RandomForest,roc_auc,0.8256792287467134,1210,303
BACE,classification,1429,balanced_scaffold,XGBoost,roc_auc,0.8217134092900964,1210,303
BACE,classification,1429,balanced_scaffold,LogisticRegression,roc_auc,0.82125328659071,1210,303
ClinTox,classification,42,random,RandomForest,roc_auc,0.8295693277310925,1168,293
ClinTox,classification,42,random,XGBoost,roc_auc,0.8916316526610644,1168,293
ClinTox,classification,42,random,LogisticRegression,roc_auc,0.7613795518207283,1168,293
ClinTox,classification,42,ordinary_scaffold,RandomForest,roc_auc,0.7793974732750242,1160,301
ClinTox,classification,42,ordinary_scaffold,XGBoost,roc_auc,0.8459669582118562,1160,301
ClinTox,classification,42,ordinary_scaffold,LogisticRegression,roc_auc,0.6503887269193391,1160,301
ClinTox,classification,42,balanced_scaffold,RandomForest,roc_auc,0.7865740740740741,1171,290
ClinTox,classification,42,balanced_scaffold,XGBoost,roc_auc,0.8499074074074073,1171,290
ClinTox,classification,42,balanced_scaffold,LogisticRegression,roc_auc,0.6469444444444444,1171,290
ClinTox,classification,123,random,RandomForest,roc_auc,0.8980217086834733,1168,293
ClinTox,classification,123,random,XGBoost,roc_auc,0.9497549019607843,1168,293
ClinTox,classification,123,random,LogisticRegression,roc_auc,0.8662464985994398,1168,293
ClinTox,classification,123,ordinary_scaffold,RandomForest,roc_auc,0.7772108843537415,1160,301
ClinTox,classification,123,ordinary_scaffold,XGBoost,roc_auc,0.8639455782312925,1160,301
ClinTox,classification,123,ordinary_scaffold,LogisticRegression,roc_auc,0.6503887269193391,1160,301
ClinTox,classification,123,balanced_scaffold,RandomForest,roc_auc,0.8681226765799256,1172,289
ClinTox,classification,123,balanced_scaffold,XGBoost,roc_auc,0.812639405204461,1172,289
ClinTox,classification,123,balanced_scaffold,LogisticRegression,roc_auc,0.6723048327137546,1172,289
ClinTox,classification,2024,random,RandomForest,roc_auc,0.8524159663865547,1168,293
ClinTox,classification,2024,random,XGBoost,roc_auc,0.8783263305322129,1168,293
ClinTox,classification,2024,random,LogisticRegression,roc_auc,0.7878151260504203,1168,293
ClinTox,classification,2024,ordinary_scaffold,RandomForest,roc_auc,0.8015063168124392,1160,301
ClinTox,classification,2024,ordinary_scaffold,XGBoost,roc_auc,0.858357628765792,1160,301
ClinTox,classification,2024,ordinary_scaffold,LogisticRegression,roc_auc,0.6503887269193391,1160,301
ClinTox,classification,2024,balanced_scaffold,RandomForest,roc_auc,0.8467830882352941,1169,292
ClinTox,classification,2024,balanced_scaffold,XGBoost,roc_auc,0.8627757352941177,1169,292
ClinTox,classification,2024,balanced_scaffold,LogisticRegression,roc_auc,0.785110294117647,1169,292
ClinTox,classification,2026,random,RandomForest,roc_auc,0.8991596638655461,1168,293
ClinTox,classification,2026,random,XGBoost,roc_auc,0.8615196078431372,1168,293
ClinTox,classification,2026,random,LogisticRegression,roc_auc,0.7533263305322129,1168,293
ClinTox,classification,2026,ordinary_scaffold,RandomForest,roc_auc,0.7278911564625852,1160,301
ClinTox,classification,2026,ordinary_scaffold,XGBoost,roc_auc,0.8542274052478135,1160,301
ClinTox,classification,2026,ordinary_scaffold,LogisticRegression,roc_auc,0.6503887269193391,1160,301
ClinTox,classification,2026,balanced_scaffold,RandomForest,roc_auc,0.7720588235294117,1169,292
ClinTox,classification,2026,balanced_scaffold,XGBoost,roc_auc,0.8017463235294117,1169,292
ClinTox,classification,2026,balanced_scaffold,LogisticRegression,roc_auc,0.724172794117647,1169,292
ClinTox,classification,3407,random,RandomForest,roc_auc,0.8236169467787114,1168,293
ClinTox,classification,3407,random,XGBoost,roc_auc,0.8588935574229691,1168,293
ClinTox,classification,3407,random,LogisticRegression,roc_auc,0.6789215686274509,1168,293
ClinTox,classification,3407,ordinary_scaffold,RandomForest,roc_auc,0.7480563654033042,1160,301
ClinTox,classification,3407,ordinary_scaffold,XGBoost,roc_auc,0.8530126336248786,1160,301
ClinTox,classification,3407,ordinary_scaffold,LogisticRegression,roc_auc,0.6503887269193391,1160,301
ClinTox,classification,3407,balanced_scaffold,RandomForest,roc_auc,0.7999077490774907,1170,291
ClinTox,classification,3407,balanced_scaffold,XGBoost,roc_auc,0.8297970479704797,1170,291
ClinTox,classification,3407,balanced_scaffold,LogisticRegression,roc_auc,0.7489852398523985,1170,291
ClinTox,classification,7,random,RandomForest,roc_auc,0.8299194677871149,1168,293
ClinTox,classification,7,random,XGBoost,roc_auc,0.8328956582633054,1168,293
ClinTox,classification,7,random,LogisticRegression,roc_auc,0.7767857142857142,1168,293
ClinTox,classification,7,ordinary_scaffold,RandomForest,roc_auc,0.7346938775510203,1160,301
ClinTox,classification,7,ordinary_scaffold,XGBoost,roc_auc,0.8590864917395529,1160,301
ClinTox,classification,7,ordinary_scaffold,LogisticRegression,roc_auc,0.6503887269193391,1160,301
ClinTox,classification,7,balanced_scaffold,RandomForest,roc_auc,0.8327183271832719,1169,292
ClinTox,classification,7,balanced_scaffold,XGBoost,roc_auc,0.8244596731681603,1169,292
ClinTox,classification,7,balanced_scaffold,LogisticRegression,roc_auc,0.6625373396591109,1169,292
ClinTox,classification,19,random,RandomForest,roc_auc,0.8529411764705882,1168,293
ClinTox,classification,19,random,XGBoost,roc_auc,0.8709733893557423,1168,293
ClinTox,classification,19,random,LogisticRegression,roc_auc,0.7039565826330533,1168,293
ClinTox,classification,19,ordinary_scaffold,RandomForest,roc_auc,0.7772108843537414,1160,301
ClinTox,classification,19,ordinary_scaffold,XGBoost,roc_auc,0.8522837706511176,1160,301
ClinTox,classification,19,ordinary_scaffold,LogisticRegression,roc_auc,0.6503887269193391,1160,301
ClinTox,classification,19,balanced_scaffold,RandomForest,roc_auc,0.8592830882352942,1169,292
ClinTox,classification,19,balanced_scaffold,XGBoost,roc_auc,0.8734375,1169,292
ClinTox,classification,19,balanced_scaffold,LogisticRegression,roc_auc,0.7021139705882353,1169,292
ClinTox,classification,71,random,RandomForest,roc_auc,0.8789390756302521,1168,293
ClinTox,classification,71,random,XGBoost,roc_auc,0.8489145658263305,1168,293
ClinTox,classification,71,random,LogisticRegression,roc_auc,0.8126750700280112,1168,293
ClinTox,classification,71,ordinary_scaffold,RandomForest,roc_auc,0.7395529640427602,1160,301
ClinTox,classification,71,ordinary_scaffold,XGBoost,roc_auc,0.8624878522837706,1160,301
ClinTox,classification,71,ordinary_scaffold,LogisticRegression,roc_auc,0.6503887269193391,1160,301
ClinTox,classification,71,balanced_scaffold,RandomForest,roc_auc,0.8439338235294117,1169,292
ClinTox,classification,71,balanced_scaffold,XGBoost,roc_auc,0.8697610294117647,1169,292
ClinTox,classification,71,balanced_scaffold,LogisticRegression,roc_auc,0.8164522058823529,1169,292
ClinTox,classification,101,random,RandomForest,roc_auc,0.8988095238095238,1168,293
ClinTox,classification,101,random,XGBoost,roc_auc,0.9255952380952381,1168,293
ClinTox,classification,101,random,LogisticRegression,roc_auc,0.7575280112044818,1168,293
ClinTox,classification,101,ordinary_scaffold,RandomForest,roc_auc,0.7560738581146744,1160,301
ClinTox,classification,101,ordinary_scaffold,XGBoost,roc_auc,0.8680758017492711,1160,301
ClinTox,classification,101,ordinary_scaffold,LogisticRegression,roc_auc,0.6503887269193391,1160,301
ClinTox,classification,101,balanced_scaffold,RandomForest,roc_auc,0.916328413284133,1170,291
ClinTox,classification,101,balanced_scaffold,XGBoost,roc_auc,0.8819188191881918,1170,291
ClinTox,classification,101,balanced_scaffold,LogisticRegression,roc_auc,0.6666051660516605,1170,291
ClinTox,classification,211,random,RandomForest,roc_auc,0.7994572829131653,1168,293
ClinTox,classification,211,random,XGBoost,roc_auc,0.8408613445378151,1168,293
ClinTox,classification,211,random,LogisticRegression,roc_auc,0.8319327731092437,1168,293
ClinTox,classification,211,ordinary_scaffold,RandomForest,roc_auc,0.7196307094266278,1160,301
ClinTox,classification,211,ordinary_scaffold,XGBoost,roc_auc,0.8391642371234208,1160,301
ClinTox,classification,211,ordinary_scaffold,LogisticRegression,roc_auc,0.6503887269193391,1160,301
ClinTox,classification,211,balanced_scaffold,RandomForest,roc_auc,0.8722324723247233,1170,291
ClinTox,classification,211,balanced_scaffold,XGBoost,roc_auc,0.8339483394833949,1170,291
ClinTox,classification,211,balanced_scaffold,LogisticRegression,roc_auc,0.7693726937269373,1170,291
ClinTox,classification,307,random,RandomForest,roc_auc,0.8089110644257703,1168,293
ClinTox,classification,307,random,XGBoost,roc_auc,0.8308823529411764,1168,293
ClinTox,classification,307,random,LogisticRegression,roc_auc,0.7879901960784312,1168,293
ClinTox,classification,307,ordinary_scaffold,RandomForest,roc_auc,0.7482993197278911,1160,301
ClinTox,classification,307,ordinary_scaffold,XGBoost,roc_auc,0.8522837706511176,1160,301
ClinTox,classification,307,ordinary_scaffold,LogisticRegression,roc_auc,0.6503887269193391,1160,301
ClinTox,classification,307,balanced_scaffold,RandomForest,roc_auc,0.8604779411764706,1169,292
ClinTox,classification,307,balanced_scaffold,XGBoost,roc_auc,0.8579963235294118,1169,292
ClinTox,classification,307,balanced_scaffold,LogisticRegression,roc_auc,0.7175551470588235,1169,292
ClinTox,classification,401,random,RandomForest,roc_auc,0.7936799719887955,1168,293
ClinTox,classification,401,random,XGBoost,roc_auc,0.8475140056022409,1168,293
ClinTox,classification,401,random,LogisticRegression,roc_auc,0.7398459383753503,1168,293
ClinTox,classification,401,ordinary_scaffold,RandomForest,roc_auc,0.7339650145772594,1160,301
ClinTox,classification,401,ordinary_scaffold,XGBoost,roc_auc,0.8522837706511176,1160,301
ClinTox,classification,401,ordinary_scaffold,LogisticRegression,roc_auc,0.6503887269193391,1160,301
ClinTox,classification,401,balanced_scaffold,RandomForest,roc_auc,0.830514705882353,1169,292
ClinTox,classification,401,balanced_scaffold,XGBoost,roc_auc,0.8080882352941177,1169,292
ClinTox,classification,401,balanced_scaffold,LogisticRegression,roc_auc,0.6943014705882353,1169,292
ClinTox,classification,503,random,RandomForest,roc_auc,0.8658963585434174,1168,293
ClinTox,classification,503,random,XGBoost,roc_auc,0.91859243697479,1168,293
ClinTox,classification,503,random,LogisticRegression,roc_auc,0.7564775910364145,1168,293
ClinTox,classification,503,ordinary_scaffold,RandomForest,roc_auc,0.7682215743440233,1160,301
ClinTox,classification,503,ordinary_scaffold,XGBoost,roc_auc,0.8500971817298348,1160,301
ClinTox,classification,503,ordinary_scaffold,LogisticRegression,roc_auc,0.6503887269193391,1160,301
ClinTox,classification,503,balanced_scaffold,RandomForest,roc_auc,0.8314883148831489,1169,292
ClinTox,classification,503,balanced_scaffold,XGBoost,roc_auc,0.8312247408188368,1169,292
ClinTox,classification,503,balanced_scaffold,LogisticRegression,roc_auc,0.7923914953435249,1169,292
ClinTox,classification,601,random,RandomForest,roc_auc,0.8511029411764706,1168,293
ClinTox,classification,601,random,XGBoost,roc_auc,0.8806022408963585,1168,293
ClinTox,classification,601,random,LogisticRegression,roc_auc,0.8055847338935574,1168,293
ClinTox,classification,601,ordinary_scaffold,RandomForest,roc_auc,0.726433430515063,1160,301
ClinTox,classification,601,ordinary_scaffold,XGBoost,roc_auc,0.8666180758017493,1160,301
ClinTox,classification,601,ordinary_scaffold,LogisticRegression,roc_auc,0.6503887269193391,1160,301
ClinTox,classification,601,balanced_scaffold,RandomForest,roc_auc,0.73489010989011,1168,293
ClinTox,classification,601,balanced_scaffold,XGBoost,roc_auc,0.8080586080586081,1168,293
ClinTox,classification,601,balanced_scaffold,LogisticRegression,roc_auc,0.7173992673992673,1168,293
ClinTox,classification,701,random,RandomForest,roc_auc,0.8226540616246498,1168,293
ClinTox,classification,701,random,XGBoost,roc_auc,0.852328431372549,1168,293
ClinTox,classification,701,random,LogisticRegression,roc_auc,0.7141981792717087,1168,293
ClinTox,classification,701,ordinary_scaffold,RandomForest,roc_auc,0.7837706511175898,1160,301
ClinTox,classification,701,ordinary_scaffold,XGBoost,roc_auc,0.8566569484936832,1160,301
ClinTox,classification,701,ordinary_scaffold,LogisticRegression,roc_auc,0.6503887269193391,1160,301
ClinTox,classification,701,balanced_scaffold,RandomForest,roc_auc,0.8494485294117647,1169,292
ClinTox,classification,701,balanced_scaffold,XGBoost,roc_auc,0.8352941176470589,1169,292
ClinTox,classification,701,balanced_scaffold,LogisticRegression,roc_auc,0.6788602941176471,1169,292
ClinTox,classification,809,random,RandomForest,roc_auc,0.7352065826330532,1168,293
ClinTox,classification,809,random,XGBoost,roc_auc,0.8287815126050421,1168,293
ClinTox,classification,809,random,LogisticRegression,roc_auc,0.6642156862745098,1168,293
ClinTox,classification,809,ordinary_scaffold,RandomForest,roc_auc,0.7475704567541303,1160,301
ClinTox,classification,809,ordinary_scaffold,XGBoost,roc_auc,0.8508260447035958,1160,301
ClinTox,classification,809,ordinary_scaffold,LogisticRegression,roc_auc,0.6503887269193391,1160,301
ClinTox,classification,809,balanced_scaffold,RandomForest,roc_auc,0.7625197680548235,1169,292
ClinTox,classification,809,balanced_scaffold,XGBoost,roc_auc,0.8367597961693902,1169,292
ClinTox,classification,809,balanced_scaffold,LogisticRegression,roc_auc,0.5904937620804779,1169,292
ClinTox,classification,907,random,RandomForest,roc_auc,0.8291316526610644,1168,293
ClinTox,classification,907,random,XGBoost,roc_auc,0.8268557422969187,1168,293
ClinTox,classification,907,random,LogisticRegression,roc_auc,0.7617296918767507,1168,293
ClinTox,classification,907,ordinary_scaffold,RandomForest,roc_auc,0.7485422740524781,1160,301
ClinTox,classification,907,ordinary_scaffold,XGBoost,roc_auc,0.8551992225461612,1160,301
ClinTox,classification,907,ordinary_scaffold,LogisticRegression,roc_auc,0.6503887269193391,1160,301
ClinTox,classification,907,balanced_scaffold,RandomForest,roc_auc,0.8075030750307504,1169,292
ClinTox,classification,907,balanced_scaffold,XGBoost,roc_auc,0.8538921103496749,1169,292
ClinTox,classification,907,balanced_scaffold,LogisticRegression,roc_auc,0.6418028465998946,1169,292
ClinTox,classification,1009,random,RandomForest,roc_auc,0.8117121848739495,1168,293
ClinTox,classification,1009,random,XGBoost,roc_auc,0.8133753501400561,1168,293
ClinTox,classification,1009,random,LogisticRegression,roc_auc,0.7466736694677871,1168,293
ClinTox,classification,1009,ordinary_scaffold,RandomForest,roc_auc,0.7322643343051506,1160,301
ClinTox,classification,1009,ordinary_scaffold,XGBoost,roc_auc,0.8571428571428572,1160,301
ClinTox,classification,1009,ordinary_scaffold,LogisticRegression,roc_auc,0.6503887269193391,1160,301
ClinTox,classification,1009,balanced_scaffold,RandomForest,roc_auc,0.8193223443223443,1168,293
ClinTox,classification,1009,balanced_scaffold,XGBoost,roc_auc,0.7916666666666667,1168,293
ClinTox,classification,1009,balanced_scaffold,LogisticRegression,roc_auc,0.6649267399267399,1168,293
ClinTox,classification,1201,random,RandomForest,roc_auc,0.8054971988795517,1168,293
ClinTox,classification,1201,random,XGBoost,roc_auc,0.818627450980392,1168,293
ClinTox,classification,1201,random,LogisticRegression,roc_auc,0.6659663865546218,1168,293
ClinTox,classification,1201,ordinary_scaffold,RandomForest,roc_auc,0.7636054421768708,1160,301
ClinTox,classification,1201,ordinary_scaffold,XGBoost,roc_auc,0.8612730806608357,1160,301
ClinTox,classification,1201,ordinary_scaffold,LogisticRegression,roc_auc,0.6503887269193391,1160,301
ClinTox,classification,1201,balanced_scaffold,RandomForest,roc_auc,0.8590073529411765,1169,292
ClinTox,classification,1201,balanced_scaffold,XGBoost,roc_auc,0.8260110294117647,1169,292
ClinTox,classification,1201,balanced_scaffold,LogisticRegression,roc_auc,0.7600183823529412,1169,292
ClinTox,classification,1429,random,RandomForest,roc_auc,0.8405112044817927,1168,293
ClinTox,classification,1429,random,XGBoost,roc_auc,0.8748249299719888,1168,293
ClinTox,classification,1429,random,LogisticRegression,roc_auc,0.6733193277310924,1168,293
ClinTox,classification,1429,ordinary_scaffold,RandomForest,roc_auc,0.7781827016520892,1160,301
ClinTox,classification,1429,ordinary_scaffold,XGBoost,roc_auc,0.8610301263362488,1160,301
ClinTox,classification,1429,ordinary_scaffold,LogisticRegression,roc_auc,0.6503887269193391,1160,301
ClinTox,classification,1429,balanced_scaffold,RandomForest,roc_auc,0.8215992647058824,1169,292
ClinTox,classification,1429,balanced_scaffold,XGBoost,roc_auc,0.8220588235294117,1169,292
ClinTox,classification,1429,balanced_scaffold,LogisticRegression,roc_auc,0.6494485294117647,1169,292
HIV,classification,42,random,RandomForest,roc_auc,0.8389845696980005,32896,8224
HIV,classification,42,random,XGBoost,roc_auc,0.817943367717375,32896,8224
HIV,classification,42,random,LogisticRegression,roc_auc,0.7898829808805542,32896,8224
HIV,classification,42,ordinary_scaffold,RandomForest,roc_auc,0.7917712661998825,32871,8249
HIV,classification,42,ordinary_scaffold,XGBoost,roc_auc,0.8071269994876757,32871,8249
HIV,classification,42,ordinary_scaffold,LogisticRegression,roc_auc,0.7463729340999222,32871,8249
HIV,classification,42,balanced_scaffold,RandomForest,roc_auc,0.7404500270174589,33173,7947
HIV,classification,42,balanced_scaffold,XGBoost,roc_auc,0.7066877527064042,33173,7947
HIV,classification,42,balanced_scaffold,LogisticRegression,roc_auc,0.6646495183439229,33173,7947
HIV,classification,123,random,RandomForest,roc_auc,0.8727618212858367,32896,8224
HIV,classification,123,random,XGBoost,roc_auc,0.8497628874745717,32896,8224
HIV,classification,123,random,LogisticRegression,roc_auc,0.7839022943771081,32896,8224
HIV,classification,123,ordinary_scaffold,RandomForest,roc_auc,0.7983498889964137,32871,8249
HIV,classification,123,ordinary_scaffold,XGBoost,roc_auc,0.8066089827517504,32871,8249
HIV,classification,123,ordinary_scaffold,LogisticRegression,roc_auc,0.7463729340999222,32871,8249
HIV,classification,123,balanced_scaffold,RandomForest,roc_auc,0.7635831444085732,33182,7938
HIV,classification,123,balanced_scaffold,XGBoost,roc_auc,0.7663836761467548,33182,7938
HIV,classification,123,balanced_scaffold,LogisticRegression,roc_auc,0.7334120447840037,33182,7938
HIV,classification,2024,random,RandomForest,roc_auc,0.8394313224010831,32896,8224
HIV,classification,2024,random,XGBoost,roc_auc,0.8147840477233927,32896,8224
HIV,classification,2024,random,LogisticRegression,roc_auc,0.7613466247168277,32896,8224
HIV,classification,2024,ordinary_scaffold,RandomForest,roc_auc,0.796471129580084,32871,8249
HIV,classification,2024,ordinary_scaffold,XGBoost,roc_auc,0.8079763666723592,32871,8249
HIV,classification,2024,ordinary_scaffold,LogisticRegression,roc_auc,0.7463729340999222,32871,8249
HIV,classification,2024,balanced_scaffold,RandomForest,roc_auc,0.7419002519712679,32935,8185
HIV,classification,2024,balanced_scaffold,XGBoost,roc_auc,0.7076388975943639,32935,8185
HIV,classification,2024,balanced_scaffold,LogisticRegression,roc_auc,0.673372842260972,32935,8185
HIV,classification,2026,random,RandomForest,roc_auc,0.855584626823041,32896,8224
HIV,classification,2026,random,XGBoost,roc_auc,0.8320414788844482,32896,8224
HIV,classification,2026,random,LogisticRegression,roc_auc,0.7947427519879297,32896,8224
HIV,classification,2026,ordinary_scaffold,RandomForest,roc_auc,0.8065634428189218,32871,8249
HIV,classification,2026,ordinary_scaffold,XGBoost,roc_auc,0.8044278097189806,32871,8249
HIV,classification,2026,ordinary_scaffold,LogisticRegression,roc_auc,0.7463729340999222,32871,8249
HIV,classification,2026,balanced_scaffold,RandomForest,roc_auc,0.7229720744854214,32922,8198
HIV,classification,2026,balanced_scaffold,XGBoost,roc_auc,0.7376628110533954,32922,8198
HIV,classification,2026,balanced_scaffold,LogisticRegression,roc_auc,0.6722515783748436,32922,8198
HIV,classification,3407,random,RandomForest,roc_auc,0.8389525186255977,32896,8224
HIV,classification,3407,random,XGBoost,roc_auc,0.8075671055701276,32896,8224
HIV,classification,3407,random,LogisticRegression,roc_auc,0.7676251463556621,32896,8224
HIV,classification,3407,ordinary_scaffold,RandomForest,roc_auc,0.7875849129997535,32871,8249
HIV,classification,3407,ordinary_scaffold,XGBoost,roc_auc,0.8053058765488321,32871,8249
HIV,classification,3407,ordinary_scaffold,LogisticRegression,roc_auc,0.7463729340999222,32871,8249
HIV,classification,3407,balanced_scaffold,RandomForest,roc_auc,0.7286530941361262,33151,7969
HIV,classification,3407,balanced_scaffold,XGBoost,roc_auc,0.7047587753028417,33151,7969
HIV,classification,3407,balanced_scaffold,LogisticRegression,roc_auc,0.6403633634893335,33151,7969
HIV,classification,7,random,RandomForest,roc_auc,0.8526354920929786,32896,8224
HIV,classification,7,random,XGBoost,roc_auc,0.8351124949034434,32896,8224
HIV,classification,7,random,LogisticRegression,roc_auc,0.7887463670000414,32896,8224
HIV,classification,7,ordinary_scaffold,RandomForest,roc_auc,0.8050067835524943,32871,8249
HIV,classification,7,ordinary_scaffold,XGBoost,roc_auc,0.8121171799396596,32871,8249
HIV,classification,7,ordinary_scaffold,LogisticRegression,roc_auc,0.7463729340999222,32871,8249
HIV,classification,7,balanced_scaffold,RandomForest,roc_auc,0.7718366352034234,33150,7970
HIV,classification,7,balanced_scaffold,XGBoost,roc_auc,0.7592388500235215,33150,7970
HIV,classification,7,balanced_scaffold,LogisticRegression,roc_auc,0.7167615748820129,33150,7970
HIV,classification,19,random,RandomForest,roc_auc,0.8495426726233695,32896,8224
HIV,classification,19,random,XGBoost,roc_auc,0.8128062567181882,32896,8224
HIV,classification,19,random,LogisticRegression,roc_auc,0.7949736505299327,32896,8224
HIV,classification,19,ordinary_scaffold,RandomForest,roc_auc,0.8046507656401207,32871,8249
HIV,classification,19,ordinary_scaffold,XGBoost,roc_auc,0.817042845486803,32871,8249
HIV,classification,19,ordinary_scaffold,LogisticRegression,roc_auc,0.7463729340999222,32871,8249
HIV,classification,19,balanced_scaffold,RandomForest,roc_auc,0.7312728699595616,32885,8235
HIV,classification,19,balanced_scaffold,XGBoost,roc_auc,0.7135719477683469,32885,8235
HIV,classification,19,balanced_scaffold,LogisticRegression,roc_auc,0.6653143297906328,32885,8235
HIV,classification,71,random,RandomForest,roc_auc,0.8313239273247383,32896,8224
HIV,classification,71,random,XGBoost,roc_auc,0.8277361695261891,32896,8224
HIV,classification,71,random,LogisticRegression,roc_auc,0.7853094890797417,32896,8224
HIV,classification,71,ordinary_scaffold,RandomForest,roc_auc,0.802807347109163,32871,8249
HIV,classification,71,ordinary_scaffold,XGBoost,roc_auc,0.8141036223221569,32871,8249
HIV,classification,71,ordinary_scaffold,LogisticRegression,roc_auc,0.7463729340999222,32871,8249
HIV,classification,71,balanced_scaffold,RandomForest,roc_auc,0.7536919424414416,33167,7953
HIV,classification,71,balanced_scaffold,XGBoost,roc_auc,0.743897242659854,33167,7953
HIV,classification,71,balanced_scaffold,LogisticRegression,roc_auc,0.6640511096521015,33167,7953
HIV,classification,101,random,RandomForest,roc_auc,0.8557313640456741,32896,8224
HIV,classification,101,random,XGBoost,roc_auc,0.8351120588344312,32896,8224
HIV,classification,101,random,LogisticRegression,roc_auc,0.7866244551862779,32896,8224
HIV,classification,101,ordinary_scaffold,RandomForest,roc_auc,0.8069080757480883,32871,8249
HIV,classification,101,ordinary_scaffold,XGBoost,roc_auc,0.8101039354091955,32871,8249
HIV,classification,101,ordinary_scaffold,LogisticRegression,roc_auc,0.7463729340999222,32871,8249
HIV,classification,101,balanced_scaffold,RandomForest,roc_auc,0.773803756669121,33152,7968
HIV,classification,101,balanced_scaffold,XGBoost,roc_auc,0.7661163891980076,33152,7968
HIV,classification,101,balanced_scaffold,LogisticRegression,roc_auc,0.7100438671767588,33152,7968
HIV,classification,211,random,RandomForest,roc_auc,0.8408481106219869,32896,8224
HIV,classification,211,random,XGBoost,roc_auc,0.8219961931175228,32896,8224
HIV,classification,211,random,LogisticRegression,roc_auc,0.7820409337981828,32896,8224
HIV,classification,211,ordinary_scaffold,RandomForest,roc_auc,0.8001468188459423,32871,8249
HIV,classification,211,ordinary_scaffold,XGBoost,roc_auc,0.8072757158308191,32871,8249
HIV,classification,211,ordinary_scaffold,LogisticRegression,roc_auc,0.7463729340999222,32871,8249
HIV,classification,211,balanced_scaffold,RandomForest,roc_auc,0.7525376911388401,33147,7973
HIV,classification,211,balanced_scaffold,XGBoost,roc_auc,0.7225099935416208,33147,7973
HIV,classification,211,balanced_scaffold,LogisticRegression,roc_auc,0.656990159915495,33147,7973
HIV,classification,307,random,RandomForest,roc_auc,0.810887553064148,32896,8224
HIV,classification,307,random,XGBoost,roc_auc,0.8137978776521172,32896,8224
HIV,classification,307,random,LogisticRegression,roc_auc,0.7978301205948852,32896,8224
HIV,classification,307,ordinary_scaffold,RandomForest,roc_auc,0.7999717747291322,32871,8249
HIV,classification,307,ordinary_scaffold,XGBoost,roc_auc,0.807461670556536,32871,8249
HIV,classification,307,ordinary_scaffold,LogisticRegression,roc_auc,0.7463729340999222,32871,8249
HIV,classification,307,balanced_scaffold,RandomForest,roc_auc,0.722656378600823,32877,8243
HIV,classification,307,balanced_scaffold,XGBoost,roc_auc,0.7065959362139917,32877,8243
HIV,classification,307,balanced_scaffold,LogisticRegression,roc_auc,0.6681370884773663,32877,8243
HIV,classification,401,random,RandomForest,roc_auc,0.8598519981772315,32896,8224
HIV,classification,401,random,XGBoost,roc_auc,0.8336571145749526,32896,8224
HIV,classification,401,random,LogisticRegression,roc_auc,0.7915463661279033,32896,8224
HIV,classification,401,ordinary_scaffold,RandomForest,roc_auc,0.7896970645718296,32871,8249
HIV,classification,401,ordinary_scaffold,XGBoost,roc_auc,0.809560539648204,32871,8249
HIV,classification,401,ordinary_scaffold,LogisticRegression,roc_auc,0.7463729340999222,32871,8249
HIV,classification,401,balanced_scaffold,RandomForest,roc_auc,0.7123037627391061,32901,8219
HIV,classification,401,balanced_scaffold,XGBoost,roc_auc,0.713698346155618,32901,8219
HIV,classification,401,balanced_scaffold,LogisticRegression,roc_auc,0.6622963406581595,32901,8219
HIV,classification,503,random,RandomForest,roc_auc,0.8513534491968697,32896,8224
HIV,classification,503,random,XGBoost,roc_auc,0.8251513704558884,32896,8224
HIV,classification,503,random,LogisticRegression,roc_auc,0.7835000207132781,32896,8224
HIV,classification,503,ordinary_scaffold,RandomForest,roc_auc,0.8027810193354963,32871,8249
HIV,classification,503,ordinary_scaffold,XGBoost,roc_auc,0.8097543215498756,32871,8249
HIV,classification,503,ordinary_scaffold,LogisticRegression,roc_auc,0.7463729340999222,32871,8249
HIV,classification,503,balanced_scaffold,RandomForest,roc_auc,0.7622936820516971,33170,7950
HIV,classification,503,balanced_scaffold,XGBoost,roc_auc,0.7446531769470613,33170,7950
HIV,classification,503,balanced_scaffold,LogisticRegression,roc_auc,0.6605879493992014,33170,7950
HIV,classification,601,random,RandomForest,roc_auc,0.8322808807721911,32896,8224
HIV,classification,601,random,XGBoost,roc_auc,0.8175565745034808,32896,8224
HIV,classification,601,random,LogisticRegression,roc_auc,0.7653124543490253,32896,8224
HIV,classification,601,ordinary_scaffold,RandomForest,roc_auc,0.79372616269141,32871,8249
HIV,classification,601,ordinary_scaffold,XGBoost,roc_auc,0.8036645414698014,32871,8249
HIV,classification,601,ordinary_scaffold,LogisticRegression,roc_auc,0.7463729340999222,32871,8249
HIV,classification,601,balanced_scaffold,RandomForest,roc_auc,0.7337172978187007,32908,8212
HIV,classification,601,balanced_scaffold,XGBoost,roc_auc,0.722530740323715,32908,8212
HIV,classification,601,balanced_scaffold,LogisticRegression,roc_auc,0.6854981569600591,32908,8212
HIV,classification,701,random,RandomForest,roc_auc,0.8413402145023472,32896,8224
HIV,classification,701,random,XGBoost,roc_auc,0.8131804039307261,32896,8224
HIV,classification,701,random,LogisticRegression,roc_auc,0.7710905867962664,32896,8224
HIV,classification,701,ordinary_scaffold,RandomForest,roc_auc,0.7953992808485607,32871,8249
HIV,classification,701,ordinary_scaffold,XGBoost,roc_auc,0.8106312024439765,32871,8249
HIV,classification,701,ordinary_scaffold,LogisticRegression,roc_auc,0.7463729340999222,32871,8249
HIV,classification,701,balanced_scaffold,RandomForest,roc_auc,0.775353586560029,33168,7952
HIV,classification,701,balanced_scaffold,XGBoost,roc_auc,0.7532255156293661,33168,7952
HIV,classification,701,balanced_scaffold,LogisticRegression,roc_auc,0.7132217583886535,33168,7952
HIV,classification,809,random,RandomForest,roc_auc,0.8445928532649577,32896,8224
HIV,classification,809,random,XGBoost,roc_auc,0.8199048061346189,32896,8224
HIV,classification,809,random,LogisticRegression,roc_auc,0.755505698331818,32896,8224
HIV,classification,809,ordinary_scaffold,RandomForest,roc_auc,0.8004817271019524,32871,8249
HIV,classification,809,ordinary_scaffold,XGBoost,roc_auc,0.8081440579875144,32871,8249
HIV,classification,809,ordinary_scaffold,LogisticRegression,roc_auc,0.7463729340999222,32871,8249
HIV,classification,809,balanced_scaffold,RandomForest,roc_auc,0.701902908099279,32904,8216
HIV,classification,809,balanced_scaffold,XGBoost,roc_auc,0.7183940964163182,32904,8216
HIV,classification,809,balanced_scaffold,LogisticRegression,roc_auc,0.6498523736915179,32904,8216
HIV,classification,907,random,RandomForest,roc_auc,0.8544174881116686,32896,8224
HIV,classification,907,random,XGBoost,roc_auc,0.8348004875251556,32896,8224
HIV,classification,907,random,LogisticRegression,roc_auc,0.7858044274086817,32896,8224
HIV,classification,907,ordinary_scaffold,RandomForest,roc_auc,0.8100470104931594,32871,8249
HIV,classification,907,ordinary_scaffold,XGBoost,roc_auc,0.807925134247927,32871,8249
HIV,classification,907,ordinary_scaffold,LogisticRegression,roc_auc,0.7463729340999222,32871,8249
HIV,classification,907,balanced_scaffold,RandomForest,roc_auc,0.7463277782587908,33171,7949
HIV,classification,907,balanced_scaffold,XGBoost,roc_auc,0.7462861340219769,33171,7949
HIV,classification,907,balanced_scaffold,LogisticRegression,roc_auc,0.6991907371923973,33171,7949
HIV,classification,1009,random,RandomForest,roc_auc,0.8606364863303265,32896,8224
HIV,classification,1009,random,XGBoost,roc_auc,0.8205966296226042,32896,8224
HIV,classification,1009,random,LogisticRegression,roc_auc,0.7831182422930254,32896,8224
HIV,classification,1009,ordinary_scaffold,RandomForest,roc_auc,0.7888031062029184,32871,8249
HIV,classification,1009,ordinary_scaffold,XGBoost,roc_auc,0.8053639874006187,32871,8249
HIV,classification,1009,ordinary_scaffold,LogisticRegression,roc_auc,0.7463729340999222,32871,8249
HIV,classification,1009,balanced_scaffold,RandomForest,roc_auc,0.7651580984594719,33151,7969
HIV,classification,1009,balanced_scaffold,XGBoost,roc_auc,0.7543646268786557,33151,7969
HIV,classification,1009,balanced_scaffold,LogisticRegression,roc_auc,0.6777423205110338,33151,7969
HIV,classification,1201,random,RandomForest,roc_auc,0.8397976203713999,32896,8224
HIV,classification,1201,random,XGBoost,roc_auc,0.8253002880235826,32896,8224
HIV,classification,1201,random,LogisticRegression,roc_auc,0.7862350455583101,32896,8224
HIV,classification,1201,ordinary_scaffold,RandomForest,roc_auc,0.7964118327925466,32871,8249
HIV,classification,1201,ordinary_scaffold,XGBoost,roc_auc,0.808829766038595,32871,8249
HIV,classification,1201,ordinary_scaffold,LogisticRegression,roc_auc,0.7463729340999222,32871,8249
HIV,classification,1201,balanced_scaffold,RandomForest,roc_auc,0.7704076535761534,33163,7957
HIV,classification,1201,balanced_scaffold,XGBoost,roc_auc,0.7549725464273944,33163,7957
HIV,classification,1201,balanced_scaffold,LogisticRegression,roc_auc,0.6848471310759877,33163,7957
HIV,classification,1429,random,RandomForest,roc_auc,0.819979155901213,32896,8224
HIV,classification,1429,random,XGBoost,roc_auc,0.8145531491813895,32896,8224
HIV,classification,1429,random,LogisticRegression,roc_auc,0.7957223810240208,32896,8224
HIV,classification,1429,ordinary_scaffold,RandomForest,roc_auc,0.8130768391491624,32871,8249
HIV,classification,1429,ordinary_scaffold,XGBoost,roc_auc,0.8106392668070814,32871,8249
HIV,classification,1429,ordinary_scaffold,LogisticRegression,roc_auc,0.7463729340999222,32871,8249
HIV,classification,1429,balanced_scaffold,RandomForest,roc_auc,0.7045660851638385,32894,8226
HIV,classification,1429,balanced_scaffold,XGBoost,roc_auc,0.6838561040545196,32894,8226
HIV,classification,1429,balanced_scaffold,LogisticRegression,roc_auc,0.6489167160963522,32894,8226
ESOL,regression,42,random,RandomForest,rmse,1.1013256880372602,893,224
ESOL,regression,42,random,XGBoost,rmse,1.1282836925952222,893,224
ESOL,regression,42,random,Ridge,rmse,2.129420506866584,893,224
ESOL,regression,42,ordinary_scaffold,RandomForest,rmse,2.211466291238794,801,316
ESOL,regression,42,ordinary_scaffold,XGBoost,rmse,2.1010630268693515,801,316
ESOL,regression,42,ordinary_scaffold,Ridge,rmse,1.959992885502659,801,316
ESOL,regression,42,balanced_scaffold,RandomForest,rmse,1.2609642101139962,905,212
ESOL,regression,42,balanced_scaffold,XGBoost,rmse,1.1474412155892617,905,212
ESOL,regression,42,balanced_scaffold,Ridge,rmse,2.930687854117226,905,212
ESOL,regression,123,random,RandomForest,rmse,1.2675837055095664,893,224
ESOL,regression,123,random,XGBoost,rmse,1.2518215267327437,893,224
ESOL,regression,123,random,Ridge,rmse,2.1004762447250176,893,224
ESOL,regression,123,ordinary_scaffold,RandomForest,rmse,2.177734495816035,801,316
ESOL,regression,123,ordinary_scaffold,XGBoost,rmse,2.104548909188129,801,316
ESOL,regression,123,ordinary_scaffold,Ridge,rmse,1.959992885502659,801,316
ESOL,regression,123,balanced_scaffold,RandomForest,rmse,1.3785152886241911,904,213
ESOL,regression,123,balanced_scaffold,XGBoost,rmse,1.217462773851734,904,213
ESOL,regression,123,balanced_scaffold,Ridge,rmse,2.893932895163783,904,213
ESOL,regression,2024,random,RandomForest,rmse,1.1178280708132438,893,224
ESOL,regression,2024,random,XGBoost,rmse,1.111330707509809,893,224
ESOL,regression,2024,random,Ridge,rmse,2.1136944220646803,893,224
ESOL,regression,2024,ordinary_scaffold,RandomForest,rmse,2.1300038333749196,801,316
ESOL,regression,2024,ordinary_scaffold,XGBoost,rmse,2.2037595039475626,801,316
ESOL,regression,2024,ordinary_scaffold,Ridge,rmse,1.959992885502659,801,316
ESOL,regression,2024,balanced_scaffold,RandomForest,rmse,2.281451882018466,864,253
ESOL,regression,2024,balanced_scaffold,XGBoost,rmse,2.0132030587454532,864,253
ESOL,regression,2024,balanced_scaffold,Ridge,rmse,2.3199288387506645,864,253
ESOL,regression,2026,random,RandomForest,rmse,1.0659032507104833,893,224
ESOL,regression,2026,random,XGBoost,rmse,1.044384319130675,893,224
ESOL,regression,2026,random,Ridge,rmse,1.9193877427839878,893,224
ESOL,regression,2026,ordinary_scaffold,RandomForest,rmse,2.166659676771195,801,316
ESOL,regression,2026,ordinary_scaffold,XGBoost,rmse,2.0287337439459807,801,316
ESOL,regression,2026,ordinary_scaffold,Ridge,rmse,1.959992885502659,801,316
ESOL,regression,2026,balanced_scaffold,RandomForest,rmse,1.1878933688099802,904,213
ESOL,regression,2026,balanced_scaffold,XGBoost,rmse,1.1221731898132634,904,213
ESOL,regression,2026,balanced_scaffold,Ridge,rmse,3.013401412198227,904,213
ESOL,regression,3407,random,RandomForest,rmse,1.1279193019541713,893,224
ESOL,regression,3407,random,XGBoost,rmse,1.1259964918235925,893,224
ESOL,regression,3407,random,Ridge,rmse,1.9473040091384008,893,224
ESOL,regression,3407,ordinary_scaffold,RandomForest,rmse,2.1838250503717944,801,316
ESOL,regression,3407,ordinary_scaffold,XGBoost,rmse,2.091548527037695,801,316
ESOL,regression,3407,ordinary_scaffold,Ridge,rmse,1.959992885502659,801,316
ESOL,regression,3407,balanced_scaffold,RandomForest,rmse,1.2700517384094119,905,212
ESOL,regression,3407,balanced_scaffold,XGBoost,rmse,1.194093177270862,905,212
ESOL,regression,3407,balanced_scaffold,Ridge,rmse,3.0189344058040417,905,212
ESOL,regression,7,random,RandomForest,rmse,1.1528768588452853,893,224
ESOL,regression,7,random,XGBoost,rmse,1.08553406196912,893,224
ESOL,regression,7,random,Ridge,rmse,2.086868764631295,893,224
ESOL,regression,7,ordinary_scaffold,RandomForest,rmse,2.189765277773098,801,316
ESOL,regression,7,ordinary_scaffold,XGBoost,rmse,2.1446629149542336,801,316
ESOL,regression,7,ordinary_scaffold,Ridge,rmse,1.959992885502659,801,316
ESOL,regression,7,balanced_scaffold,RandomForest,rmse,2.260574009281145,864,253
ESOL,regression,7,balanced_scaffold,XGBoost,rmse,1.9807873944562178,864,253
ESOL,regression,7,balanced_scaffold,Ridge,rmse,2.3199288387506645,864,253
ESOL,regression,19,random,RandomForest,rmse,1.2513136156577935,893,224
ESOL,regression,19,random,XGBoost,rmse,1.2820215039691873,893,224
ESOL,regression,19,random,Ridge,rmse,1.8315934844161499,893,224
ESOL,regression,19,ordinary_scaffold,RandomForest,rmse,2.176229523550937,801,316
ESOL,regression,19,ordinary_scaffold,XGBoost,rmse,2.048482759881881,801,316
ESOL,regression,19,ordinary_scaffold,Ridge,rmse,1.959992885502659,801,316
ESOL,regression,19,balanced_scaffold,RandomForest,rmse,2.282303943462143,864,253
ESOL,regression,19,balanced_scaffold,XGBoost,rmse,2.025063551398469,864,253
ESOL,regression,19,balanced_scaffold,Ridge,rmse,2.3199288387506645,864,253
ESOL,regression,71,random,RandomForest,rmse,1.1217789096785222,893,224
ESOL,regression,71,random,XGBoost,rmse,1.1326597544863803,893,224
ESOL,regression,71,random,Ridge,rmse,2.077657775635827,893,224
ESOL,regression,71,ordinary_scaffold,RandomForest,rmse,2.1699297419846793,801,316
ESOL,regression,71,ordinary_scaffold,XGBoost,rmse,2.145931694079251,801,316
ESOL,regression,71,ordinary_scaffold,Ridge,rmse,1.959992885502659,801,316
ESOL,regression,71,balanced_scaffold,RandomForest,rmse,1.2858273442721537,905,212
ESOL,regression,71,balanced_scaffold,XGBoost,rmse,1.2448804139889798,905,212
ESOL,regression,71,balanced_scaffold,Ridge,rmse,2.9340613412235217,905,212
ESOL,regression,101,random,RandomForest,rmse,1.1466872631020277,893,224
ESOL,regression,101,random,XGBoost,rmse,1.1538550866015889,893,224
ESOL,regression,101,random,Ridge,rmse,1.9718974577018693,893,224
ESOL,regression,101,ordinary_scaffold,RandomForest,rmse,2.1517653576646776,801,316
ESOL,regression,101,ordinary_scaffold,XGBoost,rmse,2.0473886357096185,801,316
ESOL,regression,101,ordinary_scaffold,Ridge,rmse,1.959992885502659,801,316
ESOL,regression,101,balanced_scaffold,RandomForest,rmse,1.2680423944528425,905,212
ESOL,regression,101,balanced_scaffold,XGBoost,rmse,1.1936678135747523,905,212
ESOL,regression,101,balanced_scaffold,Ridge,rmse,3.05667307208043,905,212
ESOL,regression,211,random,RandomForest,rmse,1.1848192346322366,893,224
ESOL,regression,211,random,XGBoost,rmse,1.1463877559880011,893,224
ESOL,regression,211,random,Ridge,rmse,2.0695370541899325,893,224
ESOL,regression,211,ordinary_scaffold,RandomForest,rmse,2.174824479550843,801,316
ESOL,regression,211,ordinary_scaffold,XGBoost,rmse,2.1605960444545858,801,316
ESOL,regression,211,ordinary_scaffold,Ridge,rmse,1.959992885502659,801,316
ESOL,regression,211,balanced_scaffold,RandomForest,rmse,1.2700380334891535,906,211
ESOL,regression,211,balanced_scaffold,XGBoost,rmse,1.1677319110117375,906,211
ESOL,regression,211,balanced_scaffold,Ridge,rmse,2.9355344830676353,906,211
ESOL,regression,307,random,RandomForest,rmse,1.2694606113822358,893,224
ESOL,regression,307,random,XGBoost,rmse,1.2145969990756718,893,224
ESOL,regression,307,random,Ridge,rmse,2.02978243113754,893,224
ESOL,regression,307,ordinary_scaffold,RandomForest,rmse,2.145289733370361,801,316
ESOL,regression,307,ordinary_scaffold,XGBoost,rmse,2.135958309547513,801,316
ESOL,regression,307,ordinary_scaffold,Ridge,rmse,1.959992885502659,801,316
ESOL,regression,307,balanced_scaffold,RandomForest,rmse,2.3096503072197003,864,253
ESOL,regression,307,balanced_scaffold,XGBoost,rmse,2.017571006031077,864,253
ESOL,regression,307,balanced_scaffold,Ridge,rmse,2.3199288387506645,864,253
ESOL,regression,401,random,RandomForest,rmse,1.0290330922992699,893,224
ESOL,regression,401,random,XGBoost,rmse,1.051951837781642,893,224
ESOL,regression,401,random,Ridge,rmse,2.0746340965485914,893,224
ESOL,regression,401,ordinary_scaffold,RandomForest,rmse,2.162816150179004,801,316
ESOL,regression,401,ordinary_scaffold,XGBoost,rmse,2.0643005636540206,801,316
ESOL,regression,401,ordinary_scaffold,Ridge,rmse,1.959992885502659,801,316
ESOL,regression,401,balanced_scaffold,RandomForest,rmse,2.283079758217458,864,253
ESOL,regression,401,balanced_scaffold,XGBoost,rmse,2.0431092925258345,864,253
ESOL,regression,401,balanced_scaffold,Ridge,rmse,2.3199288387506645,864,253
ESOL,regression,503,random,RandomForest,rmse,1.209853106154984,893,224
ESOL,regression,503,random,XGBoost,rmse,1.2111158819277328,893,224
ESOL,regression,503,random,Ridge,rmse,1.803281790702841,893,224
ESOL,regression,503,ordinary_scaffold,RandomForest,rmse,2.183252186142566,801,316
ESOL,regression,503,ordinary_scaffold,XGBoost,rmse,2.09247674633794,801,316
ESOL,regression,503,ordinary_scaffold,Ridge,rmse,1.959992885502659,801,316
ESOL,regression,503,balanced_scaffold,RandomForest,rmse,2.2589202507061885,864,253
ESOL,regression,503,balanced_scaffold,XGBoost,rmse,2.0105160288873694,864,253
ESOL,regression,503,balanced_scaffold,Ridge,rmse,2.3199288387506645,864,253
ESOL,regression,601,random,RandomForest,rmse,1.1276606333928663,893,224
ESOL,regression,601,random,XGBoost,rmse,1.1135538008614763,893,224
ESOL,regression,601,random,Ridge,rmse,1.5686791614267785,893,224
ESOL,regression,601,ordinary_scaffold,RandomForest,rmse,2.1629680407698997,801,316
ESOL,regression,601,ordinary_scaffold,XGBoost,rmse,2.0113282230230354,801,316
ESOL,regression,601,ordinary_scaffold,Ridge,rmse,1.959992885502659,801,316
ESOL,regression,601,balanced_scaffold,RandomForest,rmse,2.2648246741206606,864,253
ESOL,regression,601,balanced_scaffold,XGBoost,rmse,1.9715503639567973,864,253
ESOL,regression,601,balanced_scaffold,Ridge,rmse,2.3199288387506645,864,253
ESOL,regression,701,random,RandomForest,rmse,1.1775432726249297,893,224
ESOL,regression,701,random,XGBoost,rmse,1.1535500613291068,893,224
ESOL,regression,701,random,Ridge,rmse,2.164873613587975,893,224
ESOL,regression,701,ordinary_scaffold,RandomForest,rmse,2.1988149802611456,801,316
ESOL,regression,701,ordinary_scaffold,XGBoost,rmse,2.1635287583887264,801,316
ESOL,regression,701,ordinary_scaffold,Ridge,rmse,1.959992885502659,801,316
ESOL,regression,701,balanced_scaffold,RandomForest,rmse,1.2465651792396615,905,212
ESOL,regression,701,balanced_scaffold,XGBoost,rmse,1.1851714955307255,905,212
ESOL,regression,701,balanced_scaffold,Ridge,rmse,2.949098798283503,905,212
ESOL,regression,809,random,RandomForest,rmse,1.1809770247967013,893,224
ESOL,regression,809,random,XGBoost,rmse,1.1751338882790667,893,224
ESOL,regression,809,random,Ridge,rmse,2.02884808563359,893,224
ESOL,regression,809,ordinary_scaffold,RandomForest,rmse,2.177487722252199,801,316
ESOL,regression,809,ordinary_scaffold,XGBoost,rmse,2.078155856366894,801,316
ESOL,regression,809,ordinary_scaffold,Ridge,rmse,1.959992885502659,801,316
ESOL,regression,809,balanced_scaffold,RandomForest,rmse,1.2783678510725078,904,213
ESOL,regression,809,balanced_scaffold,XGBoost,rmse,1.1210211061614856,904,213
ESOL,regression,809,balanced_scaffold,Ridge,rmse,3.032729463583034,904,213
ESOL,regression,907,random,RandomForest,rmse,1.2015273954490393,893,224
ESOL,regression,907,random,XGBoost,rmse,1.1778979956743911,893,224
ESOL,regression,907,random,Ridge,rmse,1.9972355432588436,893,224
ESOL,regression,907,ordinary_scaffold,RandomForest,rmse,2.145967555604993,801,316
ESOL,regression,907,ordinary_scaffold,XGBoost,rmse,2.163913296079798,801,316
ESOL,regression,907,ordinary_scaffold,Ridge,rmse,1.959992885502659,801,316
ESOL,regression,907,balanced_scaffold,RandomForest,rmse,1.319453129857922,905,212
ESOL,regression,907,balanced_scaffold,XGBoost,rmse,1.1959090159543762,905,212
ESOL,regression,907,balanced_scaffold,Ridge,rmse,2.9908617629326693,905,212
ESOL,regression,1009,random,RandomForest,rmse,1.0641425904408808,893,224
ESOL,regression,1009,random,XGBoost,rmse,1.0311537453628103,893,224
ESOL,regression,1009,random,Ridge,rmse,1.8812612949537333,893,224
ESOL,regression,1009,ordinary_scaffold,RandomForest,rmse,2.1923470844269,801,316
ESOL,regression,1009,ordinary_scaffold,XGBoost,rmse,2.1478741758186435,801,316
ESOL,regression,1009,ordinary_scaffold,Ridge,rmse,1.959992885502659,801,316
ESOL,regression,1009,balanced_scaffold,RandomForest,rmse,1.2176600726408415,905,212
ESOL,regression,1009,balanced_scaffold,XGBoost,rmse,1.1219856087222473,905,212
ESOL,regression,1009,balanced_scaffold,Ridge,rmse,2.974952227067477,905,212
ESOL,regression,1201,random,RandomForest,rmse,1.2398488563782908,893,224
ESOL,regression,1201,random,XGBoost,rmse,1.2149444895164572,893,224
ESOL,regression,1201,random,Ridge,rmse,1.9308965885373943,893,224
ESOL,regression,1201,ordinary_scaffold,RandomForest,rmse,2.177658615355803,801,316
ESOL,regression,1201,ordinary_scaffold,XGBoost,rmse,2.101445924342534,801,316
ESOL,regression,1201,ordinary_scaffold,Ridge,rmse,1.959992885502659,801,316
ESOL,regression,1201,balanced_scaffold,RandomForest,rmse,2.243827340630083,864,253
ESOL,regression,1201,balanced_scaffold,XGBoost,rmse,2.040701854882787,864,253
ESOL,regression,1201,balanced_scaffold,Ridge,rmse,2.3199288387506645,864,253
ESOL,regression,1429,random,RandomForest,rmse,1.2726095452714197,893,224
ESOL,regression,1429,random,XGBoost,rmse,1.2153348205283223,893,224
ESOL,regression,1429,random,Ridge,rmse,1.9889670010615683,893,224
ESOL,regression,1429,ordinary_scaffold,RandomForest,rmse,2.1787044778648315,801,316
ESOL,regression,1429,ordinary_scaffold,XGBoost,rmse,2.1998450064142534,801,316
ESOL,regression,1429,ordinary_scaffold,Ridge,rmse,1.959992885502659,801,316
ESOL,regression,1429,balanced_scaffold,RandomForest,rmse,1.2359891726197,904,213
ESOL,regression,1429,balanced_scaffold,XGBoost,rmse,1.1642642062411237,904,213
ESOL,regression,1429,balanced_scaffold,Ridge,rmse,2.8766313412680984,904,213
FreeSolv,regression,42,random,RandomForest,rmse,2.2926206543203955,513,129
FreeSolv,regression,42,random,XGBoost,rmse,1.961638531986555,513,129
FreeSolv,regression,42,random,Ridge,rmse,2.3858554367734337,513,129
FreeSolv,regression,42,ordinary_scaffold,RandomForest,rmse,2.9907262770031102,322,320
FreeSolv,regression,42,ordinary_scaffold,XGBoost,rmse,2.8418762615177227,322,320
FreeSolv,regression,42,ordinary_scaffold,Ridge,rmse,3.0083144855955637,322,320
FreeSolv,regression,42,balanced_scaffold,RandomForest,rmse,1.9280473319180091,490,152
FreeSolv,regression,42,balanced_scaffold,XGBoost,rmse,1.9204053367164484,490,152
FreeSolv,regression,42,balanced_scaffold,Ridge,rmse,2.9177849766415007,490,152
FreeSolv,regression,123,random,RandomForest,rmse,2.612984969467357,513,129
FreeSolv,regression,123,random,XGBoost,rmse,2.161755555596076,513,129
FreeSolv,regression,123,random,Ridge,rmse,2.755024949691882,513,129
FreeSolv,regression,123,ordinary_scaffold,RandomForest,rmse,3.01277719485456,322,320
FreeSolv,regression,123,ordinary_scaffold,XGBoost,rmse,2.9324790700391707,322,320
FreeSolv,regression,123,ordinary_scaffold,Ridge,rmse,3.0083144855955637,322,320
FreeSolv,regression,123,balanced_scaffold,RandomForest,rmse,1.9343107206398669,490,152
FreeSolv,regression,123,balanced_scaffold,XGBoost,rmse,1.898461003889324,490,152
FreeSolv,regression,123,balanced_scaffold,Ridge,rmse,2.9177849766415007,490,152
FreeSolv,regression,2024,random,RandomForest,rmse,2.426774517984662,513,129
FreeSolv,regression,2024,random,XGBoost,rmse,2.0184951204087507,513,129
FreeSolv,regression,2024,random,Ridge,rmse,2.8416423557098662,513,129
FreeSolv,regression,2024,ordinary_scaffold,RandomForest,rmse,2.969710318085528,322,320
FreeSolv,regression,2024,ordinary_scaffold,XGBoost,rmse,2.8737368698693886,322,320
FreeSolv,regression,2024,ordinary_scaffold,Ridge,rmse,3.0083144855955637,322,320
FreeSolv,regression,2024,balanced_scaffold,RandomForest,rmse,1.9369536661400255,490,152
FreeSolv,regression,2024,balanced_scaffold,XGBoost,rmse,1.933662668522123,490,152
FreeSolv,regression,2024,balanced_scaffold,Ridge,rmse,2.9177849766415007,490,152
FreeSolv,regression,2026,random,RandomForest,rmse,2.1252188747688776,513,129
FreeSolv,regression,2026,random,XGBoost,rmse,1.678749711951967,513,129
FreeSolv,regression,2026,random,Ridge,rmse,2.113884692165558,513,129
FreeSolv,regression,2026,ordinary_scaffold,RandomForest,rmse,3.0130367832742615,322,320
FreeSolv,regression,2026,ordinary_scaffold,XGBoost,rmse,2.845786600595811,322,320
FreeSolv,regression,2026,ordinary_scaffold,Ridge,rmse,3.0083144855955637,322,320
FreeSolv,regression,2026,balanced_scaffold,RandomForest,rmse,1.932311281556194,490,152
FreeSolv,regression,2026,balanced_scaffold,XGBoost,rmse,1.9488819996323623,490,152
FreeSolv,regression,2026,balanced_scaffold,Ridge,rmse,2.9177849766415007,490,152
FreeSolv,regression,3407,random,RandomForest,rmse,1.8042814601280144,513,129
FreeSolv,regression,3407,random,XGBoost,rmse,1.4931762947232043,513,129
FreeSolv,regression,3407,random,Ridge,rmse,2.059298091521497,513,129
FreeSolv,regression,3407,ordinary_scaffold,RandomForest,rmse,2.961582973502442,322,320
FreeSolv,regression,3407,ordinary_scaffold,XGBoost,rmse,2.963938073894812,322,320
FreeSolv,regression,3407,ordinary_scaffold,Ridge,rmse,3.0083144855955637,322,320
FreeSolv,regression,3407,balanced_scaffold,RandomForest,rmse,1.9151538778196064,490,152
FreeSolv,regression,3407,balanced_scaffold,XGBoost,rmse,1.9595522769578793,490,152
FreeSolv,regression,3407,balanced_scaffold,Ridge,rmse,2.9177849766415007,490,152
FreeSolv,regression,7,random,RandomForest,rmse,1.9210339365427593,513,129
FreeSolv,regression,7,random,XGBoost,rmse,1.5356361255810191,513,129
FreeSolv,regression,7,random,Ridge,rmse,2.3212330426520906,513,129
FreeSolv,regression,7,ordinary_scaffold,RandomForest,rmse,2.9654815848915717,322,320
FreeSolv,regression,7,ordinary_scaffold,XGBoost,rmse,2.9741112700954826,322,320
FreeSolv,regression,7,ordinary_scaffold,Ridge,rmse,3.0083144855955637,322,320
FreeSolv,regression,7,balanced_scaffold,RandomForest,rmse,1.923282566674788,490,152
FreeSolv,regression,7,balanced_scaffold,XGBoost,rmse,1.9407737670496576,490,152
FreeSolv,regression,7,balanced_scaffold,Ridge,rmse,2.9177849766415007,490,152
FreeSolv,regression,19,random,RandomForest,rmse,2.0687899179395965,513,129
FreeSolv,regression,19,random,XGBoost,rmse,1.6462794523023665,513,129
FreeSolv,regression,19,random,Ridge,rmse,2.219698088524172,513,129
FreeSolv,regression,19,ordinary_scaffold,RandomForest,rmse,2.9740125885359343,322,320
FreeSolv,regression,19,ordinary_scaffold,XGBoost,rmse,2.8178822943611177,322,320
FreeSolv,regression,19,ordinary_scaffold,Ridge,rmse,3.0083144855955637,322,320
FreeSolv,regression,19,balanced_scaffold,RandomForest,rmse,1.9452098077042819,490,152
FreeSolv,regression,19,balanced_scaffold,XGBoost,rmse,1.962170379868754,490,152
FreeSolv,regression,19,balanced_scaffold,Ridge,rmse,2.9177849766415007,490,152
FreeSolv,regression,71,random,RandomForest,rmse,1.504740152304782,513,129
FreeSolv,regression,71,random,XGBoost,rmse,1.3544697267935975,513,129
FreeSolv,regression,71,random,Ridge,rmse,1.946519064243393,513,129
FreeSolv,regression,71,ordinary_scaffold,RandomForest,rmse,3.0015523162308586,322,320
FreeSolv,regression,71,ordinary_scaffold,XGBoost,rmse,2.8114220417933873,322,320
FreeSolv,regression,71,ordinary_scaffold,Ridge,rmse,3.0083144855955637,322,320
FreeSolv,regression,71,balanced_scaffold,RandomForest,rmse,1.9690269975395345,490,152
FreeSolv,regression,71,balanced_scaffold,XGBoost,rmse,1.9330218901444918,490,152
FreeSolv,regression,71,balanced_scaffold,Ridge,rmse,2.9177849766415007,490,152
FreeSolv,regression,101,random,RandomForest,rmse,1.3211524830387757,513,129
FreeSolv,regression,101,random,XGBoost,rmse,1.379716635879003,513,129
FreeSolv,regression,101,random,Ridge,rmse,2.2108013604361263,513,129
FreeSolv,regression,101,ordinary_scaffold,RandomForest,rmse,2.9693926164858993,322,320
FreeSolv,regression,101,ordinary_scaffold,XGBoost,rmse,2.951319656759979,322,320
FreeSolv,regression,101,ordinary_scaffold,Ridge,rmse,3.0083144855955637,322,320
FreeSolv,regression,101,balanced_scaffold,RandomForest,rmse,1.9562959499471493,490,152
FreeSolv,regression,101,balanced_scaffold,XGBoost,rmse,1.880014129252153,490,152
FreeSolv,regression,101,balanced_scaffold,Ridge,rmse,2.9177849766415007,490,152
FreeSolv,regression,211,random,RandomForest,rmse,2.390579718363801,513,129
FreeSolv,regression,211,random,XGBoost,rmse,1.8430290019820819,513,129
FreeSolv,regression,211,random,Ridge,rmse,2.616431269358671,513,129
FreeSolv,regression,211,ordinary_scaffold,RandomForest,rmse,2.9715995387441008,322,320
FreeSolv,regression,211,ordinary_scaffold,XGBoost,rmse,2.8073985920231794,322,320
FreeSolv,regression,211,ordinary_scaffold,Ridge,rmse,3.0083144855955637,322,320
FreeSolv,regression,211,balanced_scaffold,RandomForest,rmse,1.9582871195718823,490,152
FreeSolv,regression,211,balanced_scaffold,XGBoost,rmse,1.9280589384830602,490,152
FreeSolv,regression,211,balanced_scaffold,Ridge,rmse,2.9177849766415007,490,152
FreeSolv,regression,307,random,RandomForest,rmse,1.8278296992562393,513,129
FreeSolv,regression,307,random,XGBoost,rmse,1.5160166798376158,513,129
FreeSolv,regression,307,random,Ridge,rmse,2.100459248547293,513,129
FreeSolv,regression,307,ordinary_scaffold,RandomForest,rmse,2.9877217032692074,322,320
FreeSolv,regression,307,ordinary_scaffold,XGBoost,rmse,2.866273686493544,322,320
FreeSolv,regression,307,ordinary_scaffold,Ridge,rmse,3.0083144855955637,322,320
FreeSolv,regression,307,balanced_scaffold,RandomForest,rmse,1.9196326025979986,490,152
FreeSolv,regression,307,balanced_scaffold,XGBoost,rmse,1.9543791346852282,490,152
FreeSolv,regression,307,balanced_scaffold,Ridge,rmse,2.9177849766415007,490,152
FreeSolv,regression,401,random,RandomForest,rmse,2.083576749890258,513,129
FreeSolv,regression,401,random,XGBoost,rmse,1.8515751863917462,513,129
FreeSolv,regression,401,random,Ridge,rmse,2.1906991398539177,513,129
FreeSolv,regression,401,ordinary_scaffold,RandomForest,rmse,2.9522727673360656,322,320
FreeSolv,regression,401,ordinary_scaffold,XGBoost,rmse,2.8359659884047015,322,320
FreeSolv,regression,401,ordinary_scaffold,Ridge,rmse,3.0083144855955637,322,320
FreeSolv,regression,401,balanced_scaffold,RandomForest,rmse,1.9578548515990777,490,152
FreeSolv,regression,401,balanced_scaffold,XGBoost,rmse,1.8295017679585368,490,152
FreeSolv,regression,401,balanced_scaffold,Ridge,rmse,2.9177849766415007,490,152
FreeSolv,regression,503,random,RandomForest,rmse,1.6683254222269597,513,129
FreeSolv,regression,503,random,XGBoost,rmse,1.532152928303376,513,129
FreeSolv,regression,503,random,Ridge,rmse,2.094060977098824,513,129
FreeSolv,regression,503,ordinary_scaffold,RandomForest,rmse,3.0034515085598184,322,320
FreeSolv,regression,503,ordinary_scaffold,XGBoost,rmse,2.9035408120890516,322,320
FreeSolv,regression,503,ordinary_scaffold,Ridge,rmse,3.0083144855955637,322,320
FreeSolv,regression,503,balanced_scaffold,RandomForest,rmse,1.930641859231872,490,152
FreeSolv,regression,503,balanced_scaffold,XGBoost,rmse,1.88975142553648,490,152
FreeSolv,regression,503,balanced_scaffold,Ridge,rmse,2.9177849766415007,490,152
FreeSolv,regression,601,random,RandomForest,rmse,2.405133799637275,513,129
FreeSolv,regression,601,random,XGBoost,rmse,2.0265636533565874,513,129
FreeSolv,regression,601,random,Ridge,rmse,2.815435302366544,513,129
FreeSolv,regression,601,ordinary_scaffold,RandomForest,rmse,2.992197205139775,322,320
FreeSolv,regression,601,ordinary_scaffold,XGBoost,rmse,2.9196253783920305,322,320
FreeSolv,regression,601,ordinary_scaffold,Ridge,rmse,3.0083144855955637,322,320
FreeSolv,regression,601,balanced_scaffold,RandomForest,rmse,1.9532193618766063,490,152
FreeSolv,regression,601,balanced_scaffold,XGBoost,rmse,1.9301141287095342,490,152
FreeSolv,regression,601,balanced_scaffold,Ridge,rmse,2.9177849766415007,490,152
FreeSolv,regression,701,random,RandomForest,rmse,2.407498830256843,513,129
FreeSolv,regression,701,random,XGBoost,rmse,2.0371920706831896,513,129
FreeSolv,regression,701,random,Ridge,rmse,2.752555101725743,513,129
FreeSolv,regression,701,ordinary_scaffold,RandomForest,rmse,3.060222428540891,322,320
FreeSolv,regression,701,ordinary_scaffold,XGBoost,rmse,2.8748958095296038,322,320
FreeSolv,regression,701,ordinary_scaffold,Ridge,rmse,3.0083144855955637,322,320
FreeSolv,regression,701,balanced_scaffold,RandomForest,rmse,1.9297591752093726,490,152
FreeSolv,regression,701,balanced_scaffold,XGBoost,rmse,1.941043926824678,490,152
FreeSolv,regression,701,balanced_scaffold,Ridge,rmse,2.9177849766415007,490,152
FreeSolv,regression,809,random,RandomForest,rmse,1.6479212001127101,513,129
FreeSolv,regression,809,random,XGBoost,rmse,1.5783171310835111,513,129
FreeSolv,regression,809,random,Ridge,rmse,1.8862215496509003,513,129
FreeSolv,regression,809,ordinary_scaffold,RandomForest,rmse,3.0183069637686186,322,320
FreeSolv,regression,809,ordinary_scaffold,XGBoost,rmse,2.7787960378629206,322,320
FreeSolv,regression,809,ordinary_scaffold,Ridge,rmse,3.0083144855955637,322,320
FreeSolv,regression,809,balanced_scaffold,RandomForest,rmse,1.915965674711443,490,152
FreeSolv,regression,809,balanced_scaffold,XGBoost,rmse,1.8508711485166274,490,152
FreeSolv,regression,809,balanced_scaffold,Ridge,rmse,2.9177849766415007,490,152
FreeSolv,regression,907,random,RandomForest,rmse,2.241159957720912,513,129
FreeSolv,regression,907,random,XGBoost,rmse,1.8510992047869956,513,129
FreeSolv,regression,907,random,Ridge,rmse,2.418297220637748,513,129
FreeSolv,regression,907,ordinary_scaffold,RandomForest,rmse,2.9463747769061,322,320
FreeSolv,regression,907,ordinary_scaffold,XGBoost,rmse,2.822765756683361,322,320
FreeSolv,regression,907,ordinary_scaffold,Ridge,rmse,3.0083144855955637,322,320
FreeSolv,regression,907,balanced_scaffold,RandomForest,rmse,1.971521785560346,490,152
FreeSolv,regression,907,balanced_scaffold,XGBoost,rmse,1.875179315286889,490,152
FreeSolv,regression,907,balanced_scaffold,Ridge,rmse,2.9177849766415007,490,152
FreeSolv,regression,1009,random,RandomForest,rmse,2.44126021149946,513,129
FreeSolv,regression,1009,random,XGBoost,rmse,1.8370165829925595,513,129
FreeSolv,regression,1009,random,Ridge,rmse,2.0767096499438917,513,129
FreeSolv,regression,1009,ordinary_scaffold,RandomForest,rmse,3.0160606070023706,322,320
FreeSolv,regression,1009,ordinary_scaffold,XGBoost,rmse,2.8016277882871594,322,320
FreeSolv,regression,1009,ordinary_scaffold,Ridge,rmse,3.0083144855955637,322,320
FreeSolv,regression,1009,balanced_scaffold,RandomForest,rmse,1.9482332004948264,490,152
FreeSolv,regression,1009,balanced_scaffold,XGBoost,rmse,1.8343812463039324,490,152
FreeSolv,regression,1009,balanced_scaffold,Ridge,rmse,2.9177849766415007,490,152
FreeSolv,regression,1201,random,RandomForest,rmse,1.952674109346163,513,129
FreeSolv,regression,1201,random,XGBoost,rmse,1.6430168348497258,513,129
FreeSolv,regression,1201,random,Ridge,rmse,2.161665293266757,513,129
FreeSolv,regression,1201,ordinary_scaffold,RandomForest,rmse,3.0325674153015147,322,320
FreeSolv,regression,1201,ordinary_scaffold,XGBoost,rmse,2.8315123918759264,322,320
FreeSolv,regression,1201,ordinary_scaffold,Ridge,rmse,3.0083144855955637,322,320
FreeSolv,regression,1201,balanced_scaffold,RandomForest,rmse,1.9508473250673841,490,152
FreeSolv,regression,1201,balanced_scaffold,XGBoost,rmse,1.9264837698086483,490,152
FreeSolv,regression,1201,balanced_scaffold,Ridge,rmse,2.9177849766415007,490,152
FreeSolv,regression,1429,random,RandomForest,rmse,2.0951799361520003,513,129
FreeSolv,regression,1429,random,XGBoost,rmse,1.7020928398893544,513,129
FreeSolv,regression,1429,random,Ridge,rmse,2.430206689500986,513,129
FreeSolv,regression,1429,ordinary_scaffold,RandomForest,rmse,3.042294674811778,322,320
FreeSolv,regression,1429,ordinary_scaffold,XGBoost,rmse,2.7722940250990398,322,320
FreeSolv,regression,1429,ordinary_scaffold,Ridge,rmse,3.0083144855955637,322,320
FreeSolv,regression,1429,balanced_scaffold,RandomForest,rmse,1.9458289299485627,490,152
FreeSolv,regression,1429,balanced_scaffold,XGBoost,rmse,1.9259921979826502,490,152
FreeSolv,regression,1429,balanced_scaffold,Ridge,rmse,2.9177849766415007,490,152
